,open_time,o,h,l,c,v,close_time,qav,num_trades,taker_base_vol,taker_quote_vol,ignore
2024-04-29 00:59:59.999,1714330800000,63924.00000000,63928.00000000,63792.68000000,63800.76000000,201.04504000,1714332599999,12837375.37679420,11318,77.24051000,4931181.53586410,0
2024-04-29 01:29:59.999,1714332600000,63800.77000000,63800.77000000,63715.36000000,63730.49000000,132.62353000,1714334399999,8456122.11850620,9820,55.50073000,3538629.76173710,0
2024-04-29 01:59:59.999,1714334400000,63730.49000000,63745.91000000,63588.72000000,63605.01000000,176.94587000,1714336199999,11262824.91006590,14136,76.65614000,4878836.98256660,0
2024-04-29 02:29:59.999,1714336200000,63605.01000000,63688.79000000,63605.01000000,63686.00000000,120.94287000,1714337999999,7698194.36733250,8294,77.76632000,4949674.80113570,0
2024-04-29 02:59:59.999,1714338000000,63686.00000000,63745.86000000,63622.54000000,63680.49000000,168.24263000,1714339799999,10713122.98290110,9430,84.89144000,5405482.76832110,0
2024-04-29 03:29:59.999,1714339800000,63680.50000000,63683.61000000,63609.00000000,63661.99000000,134.52382000,1714341599999,8561499.48316030,8724,54.75944000,3485111.40221750,0
2024-04-29 03:59:59.999,1714341600000,63662.00000000,63714.76000000,63357.31000000,63480.41000000,499.71852000,1714343399999,31736846.04189810,22070,249.57117000,15847506.81525330,0
2024-04-29 04:29:59.999,1714343400000,63480.42000000,63480.42000000,62870.00000000,63151.05000000,1740.93263000,1714345199999,109903022.26605110,48510,879.32327000,55500520.60802450,0
2024-04-29 04:59:59.999,1714345200000,63151.06000000,63151.06000000,62781.00000000,62967.21000000,924.58247000,1714346999999,58185906.41832680,34081,390.10856000,24556657.21218790,0
2024-04-29 05:29:59.999,1714347000000,62967.21000000,63164.70000000,62828.65000000,63118.62000000,528.22123000,1714348799999,33267823.86794450,24409,309.56522000,19498927.56147470,0
2024-04-29 05:59:59.999,1714348800000,63118.62000000,63321.90000000,63002.86000000,63217.99000000,459.20304000,1714350599999,29020231.96674340,22223,216.44832000,13677327.36641930,0
2024-04-29 06:29:59.999,1714350600000,63217.99000000,63295.13000000,63160.34000000,63257.43000000,180.63022000,1714352399999,11420541.96242880,12012,83.76126000,5295768.89995700,0
2024-04-29 06:59:59.999,1714352400000,63257.42000000,63286.27000000,63084.18000000,63167.70000000,275.51207000,1714354199999,17403273.25425270,14404,128.31956000,8105721.87178360,0
2024-04-29 07:29:59.999,1714354200000,63167.69000000,63367.05000000,63167.69000000,63232.00000000,263.40963000,1714355999999,16660473.37499090,14434,125.61400000,7945604.43716680,0
2024-04-29 07:59:59.999,1714356000000,63231.99000000,63285.08000000,63046.85000000,63127.99000000,259.29788000,1714357799999,16379059.84689960,14604,124.59214000,7868907.11184060,0
2024-04-29 08:29:59.999,1714357800000,63128.00000000,63128.00000000,62570.00000000,62706.33000000,1008.43414000,1714359599999,63293567.35575760,38049,396.66360000,24895422.46137370,0
2024-04-29 08:59:59.999,1714359600000,62706.34000000,62764.84000000,62442.50000000,62655.72000000,807.61591000,1714361399999,50535934.17831840,32284,361.09252000,22597801.81523460,0
2024-04-29 09:29:59.999,1714361400000,62655.71000000,62684.51000000,62150.52000000,62279.67000000,928.26893000,1714363199999,57976850.29800800,34189,417.50929000,26079457.97218310,0
2024-04-29 09:59:59.999,1714363200000,62279.68000000,62560.74000000,62200.03000000,62528.00000000,535.43520000,1714364999999,33410964.82842460,25659,306.41455000,19120682.99027480,0
2024-04-29 10:29:59.999,1714365000000,62528.01000000,62639.40000000,62505.12000000,62542.00000000,432.71031000,1714366799999,27075105.90755520,16866,197.25273000,12342447.03774070,0
2024-04-29 10:59:59.999,1714366800000,62542.00000000,62542.00000000,62331.11000000,62344.01000000,251.31609000,1714368599999,15692329.06169370,13703,126.38841000,7891975.32867750,0
2024-04-29 11:29:59.999,1714368600000,62344.02000000,62453.76000000,62059.27000000,62444.88000000,664.72914000,1714370399999,41397516.42488810,28080,319.30061000,19891289.87471220,0
2024-04-29 11:59:59.999,1714370400000,62444.88000000,62473.80000000,62231.34000000,62304.24000000,431.46099000,1714372199999,26910926.93731220,19660,210.90340000,13156142.52727660,0
2024-04-29 12:29:59.999,1714372200000,62304.24000000,62304.24000000,61923.13000000,62199.69000000,1298.92354000,1714373999999,80672383.52807130,46932,560.44520000,34809148.41612730,0
2024-04-29 12:59:59.999,1714374000000,62199.69000000,62301.15000000,61942.38000000,62273.20000000,872.79333000,1714375799999,54241772.34284950,30617,480.17709000,29845335.24614250,0
2024-04-29 13:29:59.999,1714375800000,62273.19000000,62417.85000000,62222.98000000,62399.98000000,490.53708000,1714377599999,30572569.57844730,20748,267.94986000,16699800.13929230,0
2024-04-29 13:59:59.999,1714377600000,62399.98000000,62498.61000000,62220.01000000,62376.71000000,475.90279000,1714379399999,29681344.76429970,21336,250.48474000,15623569.39145530,0
2024-04-29 14:29:59.999,1714379400000,62376.72000000,62422.00000000,62227.96000000,62398.00000000,334.96206000,1714381199999,20885528.46419170,18371,177.82317000,11088737.52900190,0
2024-04-29 14:59:59.999,1714381200000,62397.99000000,62406.00000000,62276.73000000,62294.01000000,276.23146000,1714382999999,17216407.05768810,16296,158.45628000,9876124.47845470,0
2024-04-29 15:29:59.999,1714383000000,62294.01000000,62660.01000000,62284.47000000,62536.01000000,400.52627000,1714384799999,25015266.90264710,19855,272.62903000,17026714.22780940,0
2024-04-29 15:59:59.999,1714384800000,62536.01000000,62673.18000000,62491.30000000,62524.00000000,461.51363000,1714386599999,28875614.81467120,20038,237.51558000,14860272.95320310,0
2024-04-29 16:29:59.999,1714386600000,62524.00000000,62560.00000000,62388.96000000,62388.97000000,297.38216000,1714388399999,18574352.77960760,15428,151.93705000,9490107.23150800,0
2024-04-29 16:59:59.999,1714388400000,62388.96000000,62421.66000000,62325.60000000,62342.03000000,266.50811000,1714390199999,16624721.06805260,14100,141.56292000,8831116.91576290,0
2024-04-29 17:29:59.999,1714390200000,62342.04000000,62368.23000000,62179.99000000,62256.00000000,520.88285000,1714391999999,32436803.17449030,21905,243.48679000,15162944.68865030,0
2024-04-29 17:59:59.999,1714392000000,62256.00000000,62388.43000000,62196.40000000,62334.01000000,376.28950000,1714393799999,23448267.43145180,16487,207.18317000,12911838.99873040,0
2024-04-29 18:29:59.999,1714393800000,62334.01000000,62653.44000000,62049.00000000,62602.33000000,1050.69291000,1714395599999,65564580.31702600,33276,635.89343000,39694690.78104690,0
2024-04-29 18:59:59.999,1714395600000,62602.32000000,62698.55000000,62440.00000000,62508.00000000,641.39358000,1714397399999,40126666.93199970,22520,312.54098000,19554964.36135280,0
2024-04-29 19:29:59.999,1714397400000,62508.00000000,62600.00000000,61765.53000000,62014.00000000,1898.49949000,1714399199999,117870598.08254040,65127,860.11226000,53407783.19578690,0
2024-04-29 19:59:59.999,1714399200000,62014.00000000,62882.30000000,61878.61000000,62824.00000000,1798.90899000,1714400999999,112202700.67344890,49773,1009.23628000,62965683.52360330,0
2024-04-29 20:29:59.999,1714401000000,62824.00000000,63014.67000000,62674.00000000,62834.99000000,1164.14487000,1714402799999,73133429.52048010,36250,600.18841000,37708433.19359900,0
2024-04-29 20:59:59.999,1714402800000,62834.99000000,62953.05000000,62735.55000000,62904.00000000,579.50923000,1714404599999,36421752.56887740,22705,262.45747000,16494970.63555520,0
2024-04-29 21:29:59.999,1714404600000,62904.00000000,63112.29000000,62860.00000000,63039.07000000,703.07688000,1714406399999,44272889.91688790,25745,369.47917000,23267924.47252330,0
2024-04-29 21:59:59.999,1714406400000,63039.07000000,63158.80000000,62933.40000000,62978.38000000,675.25537000,1714408199999,42562053.12513030,25458,327.90610000,20668122.04847300,0
2024-04-29 22:29:59.999,1714408200000,62978.38000000,62981.85000000,62754.00000000,62792.02000000,553.77082000,1714409999999,34811482.28409460,22677,207.86568000,13067769.12232400,0
2024-04-29 22:59:59.999,1714410000000,62792.01000000,63221.74000000,62774.38000000,63184.22000000,435.82450000,1714411799999,27448887.63033130,22497,245.86539000,15485135.13516920,0
2024-04-29 23:29:59.999,1714411800000,63184.22000000,63206.00000000,62960.00000000,63033.23000000,344.05358000,1714413599999,21692256.19154750,17173,148.79965000,9380521.17515160,0
2024-04-29 23:59:59.999,1714413600000,63033.24000000,63050.00000000,62848.27000000,62940.87000000,299.50660000,1714415399999,18850681.68585290,15263,110.71947000,6967640.92871200,0
2024-04-30 00:29:59.999,1714415400000,62940.88000000,62950.46000000,62705.88000000,62870.00000000,312.78692000,1714417199999,19649699.63485430,17238,120.57262000,7573346.40453630,0
2024-04-30 00:59:59.999,1714417200000,62870.00000000,62870.01000000,62546.37000000,62684.96000000,549.24049000,1714418999999,34417944.08936410,24211,249.27387000,15618953.54740940,0
2024-04-30 01:29:59.999,1714419000000,62684.95000000,62988.00000000,62665.94000000,62987.37000000,333.63891000,1714420799999,20957499.46432740,19820,164.00072000,10301347.27727990,0
2024-04-30 01:59:59.999,1714420800000,62987.37000000,63134.12000000,62894.85000000,63022.94000000,357.20011000,1714422599999,22518260.87412250,18217,150.12035000,9462797.66239540,0
2024-04-30 02:29:59.999,1714422600000,63022.94000000,63076.00000000,62939.04000000,62968.82000000,183.23181000,1714424399999,11544470.05005300,11310,76.37234000,4811966.05122580,0
2024-04-30 02:59:59.999,1714424400000,62968.83000000,63039.14000000,62820.00000000,62942.51000000,245.66884000,1714426199999,15464109.05045500,12540,101.84432000,6409243.43930180,0
2024-04-30 03:29:59.999,1714426200000,62942.52000000,63172.58000000,62888.42000000,63092.24000000,233.45705000,1714427999999,14716100.54306490,12921,127.38898000,8030382.09669120,0
2024-04-30 03:59:59.999,1714428000000,63092.23000000,63497.54000000,63041.04000000,63497.53000000,627.72608000,1714429799999,39725864.26944880,30206,357.84607000,22648228.26494130,0
2024-04-30 04:29:59.999,1714429800000,63497.54000000,63935.91000000,63497.53000000,63890.00000000,1108.81372000,1714431599999,70715070.74273590,42327,672.79500000,42900230.99888240,0
2024-04-30 04:59:59.999,1714431600000,63890.01000000,64228.35000000,63874.01000000,63960.47000000,1038.80106000,1714433399999,66529633.37384190,38170,516.76001000,33094814.38025730,0
2024-04-30 05:29:59.999,1714433400000,63960.47000000,64080.00000000,63810.00000000,63866.00000000,444.55133000,1714435199999,28419886.35949510,18592,194.64453000,12444113.70100030,0
2024-04-30 05:59:59.999,1714435200000,63866.00000000,63996.32000000,63688.04000000,63992.56000000,408.92749000,1714436999999,26099040.24215920,20540,226.06221000,14429941.06139640,0
2024-04-30 06:29:59.999,1714437000000,63992.57000000,64734.00000000,63889.88000000,64580.00000000,1649.00639000,1714438799999,106076618.76536750,50805,924.86663000,59507819.31827320,0
2024-04-30 06:59:59.999,1714438800000,64579.99000000,64614.00000000,64165.24000000,64249.99000000,612.81482000,1714440599999,39459620.02499960,26808,264.23769000,17015950.69446690,0
2024-04-30 07:29:59.999,1714440600000,64250.00000000,64250.00000000,63560.50000000,63606.01000000,903.93461000,1714442399999,57847155.96426550,36356,359.98007000,23049361.57933960,0
2024-04-30 07:59:59.999,1714442400000,63606.01000000,63696.61000000,62995.70000000,63609.10000000,1927.56835000,1714444199999,122090027.34242570,60654,1018.71555000,64522794.40219840,0
2024-04-30 08:29:59.999,1714444200000,63609.10000000,63896.12000000,63553.99000000,63780.91000000,512.78828000,1714445999999,32702061.74990160,21336,295.28168000,18829896.94976390,0
2024-04-30 08:59:59.999,1714446000000,63780.92000000,63780.92000000,63561.32000000,63741.68000000,301.72986000,1714447799999,19212940.40849510,16209,142.52419000,9075740.53150840,0
2024-04-30 09:29:59.999,1714447800000,63741.68000000,63820.58000000,63623.00000000,63647.99000000,325.22154000,1714449599999,20713245.62266580,16489,168.87849000,10756957.29544440,0
2024-04-30 09:59:59.999,1714449600000,63647.99000000,63708.70000000,63477.04000000,63506.51000000,218.83518000,1714451399999,13919457.09839050,14467,99.18944000,6309876.54967770,0
2024-04-30 10:29:59.999,1714451400000,63506.51000000,63637.33000000,63343.47000000,63403.98000000,380.84000000,1714453199999,24172860.24816470,18449,155.48135000,9869588.95245930,0
2024-04-30 10:59:59.999,1714453200000,63403.98000000,63491.59000000,63254.00000000,63376.01000000,369.96773000,1714454999999,23453209.28632030,19049,176.91352000,11215524.23144370,0
2024-04-30 11:29:59.999,1714455000000,63376.01000000,63376.02000000,63069.68000000,63330.00000000,598.60157000,1714456799999,37840398.50455260,27152,294.65061000,18624723.05478620,0
2024-04-30 11:59:59.999,1714456800000,63330.00000000,63420.14000000,63227.47000000,63376.91000000,299.03603000,1714458599999,18937034.61028640,15377,163.55727000,10357727.62698310,0
2024-04-30 12:29:59.999,1714458600000,63376.92000000,63465.10000000,63355.60000000,63412.00000000,183.57062000,1714460399999,11638816.23754450,14232,93.25618000,5912414.69405640,0
2024-04-30 12:59:59.999,1714460400000,63412.00000000,63430.73000000,63357.71000000,63370.00000000,177.58392000,1714462199999,11257135.54067610,11605,92.11114000,5839025.74199660,0
2024-04-30 13:29:59.999,1714462200000,63370.00000000,63461.96000000,63135.70000000,63148.74000000,806.64508000,1714463999999,51055412.47575860,31153,404.30426000,25590008.47673500,0
2024-04-30 13:59:59.999,1714464000000,63148.74000000,63244.00000000,62734.79000000,62752.00000000,1173.56155000,1714465799999,73863106.99981540,44359,478.30508000,30103031.58019650,0
2024-04-30 14:29:59.999,1714465800000,62752.00000000,62760.56000000,61816.46000000,61919.32000000,3112.50130000,1714467599999,193705978.37265580,96143,1397.76577000,86978014.16388940,0
2024-04-30 14:59:59.999,1714467600000,61919.32000000,62148.00000000,61800.00000000,61989.96000000,1499.12457000,1714469399999,92921363.79496420,47685,772.18669000,47861086.73555580,0
2024-04-30 15:29:59.999,1714469400000,61989.96000000,61989.96000000,61600.00000000,61688.01000000,1207.19860000,1714471199999,74584354.61274490,46007,585.14074000,36155261.88979150,0
2024-04-30 15:59:59.999,1714471200000,61688.01000000,61777.72000000,61451.01000000,61748.57000000,1250.57077000,1714472999999,77089862.77073340,43612,592.51513000,36531937.40005030,0
2024-04-30 16:29:59.999,1714473000000,61748.57000000,61788.05000000,61550.80000000,61782.19000000,630.56755000,1714474799999,38896209.39922490,26774,292.76578000,18058765.41825110,0
2024-04-30 16:59:59.999,1714474800000,61782.18000000,61782.19000000,61200.00000000,61288.93000000,1186.71063000,1714476599999,72961324.41407250,42995,470.19366000,28923148.08856000,0
2024-04-30 17:29:59.999,1714476600000,61288.94000000,61378.11000000,61000.00000000,61204.42000000,4007.89872000,1714478399999,245370257.45923110,90552,2433.97258000,149014318.86330810,0
2024-04-30 17:59:59.999,1714478400000,61204.41000000,61337.78000000,60737.45000000,61296.11000000,2183.49769000,1714480199999,133322363.62322980,86308,950.04513000,58027929.19584980,0
2024-04-30 18:29:59.999,1714480200000,61296.11000000,61329.42000000,61118.56000000,61230.16000000,828.54684000,1714481999999,50724035.87131770,39422,402.35200000,24632133.65171580,0
2024-04-30 18:59:59.999,1714482000000,61230.16000000,61313.94000000,61033.47000000,61195.54000000,743.56118000,1714483799999,45479308.87615050,33500,384.36154000,23510494.93750740,0
2024-04-30 19:29:59.999,1714483800000,61195.53000000,61310.94000000,60779.79000000,60820.57000000,1080.07765000,1714485599999,65942485.41865390,46663,505.40077000,30869081.13272650,0
2024-04-30 19:59:59.999,1714485600000,60820.58000000,60986.22000000,60546.22000000,60829.61000000,1597.30001000,1714487399999,97058684.35667150,66162,798.78774000,48543398.65958050,0
2024-04-30 20:29:59.999,1714487400000,60829.60000000,61559.36000000,60780.75000000,61247.87000000,1626.02350000,1714489199999,99576389.11378350,55050,848.08685000,51933147.19340440,0
2024-04-30 20:59:59.999,1714489200000,61247.87000000,61395.66000000,60768.27000000,60976.97000000,1358.47461000,1714490999999,82891857.67011650,51985,619.13288000,37782632.30369420,0
2024-04-30 21:29:59.999,1714491000000,60976.98000000,60982.23000000,60600.72000000,60796.85000000,1087.38373000,1714492799999,66074728.76350520,40983,512.97859000,31168847.23899300,0
2024-04-30 21:59:59.999,1714492800000,60796.86000000,60947.55000000,60245.85000000,60272.38000000,2065.05501000,1714494599999,124995202.83865120,77789,857.44794000,51897004.75375510,0
2024-04-30 22:29:59.999,1714494600000,60272.37000000,60570.27000000,60158.86000000,60336.68000000,1275.66007000,1714496399999,76998820.65226170,47365,613.33122000,37018160.06651310,0
2024-04-30 22:59:59.999,1714496400000,60336.68000000,60514.72000000,60100.00000000,60433.39000000,1110.89434000,1714498199999,67015506.85023020,43437,529.00574000,31921163.87256750,0
2024-04-30 23:29:59.999,1714498200000,60433.40000000,60459.41000000,60080.00000000,60368.81000000,1432.91938000,1714499999999,86295925.48099490,43606,714.15109000,43006403.75694360,0
2024-04-30 23:59:59.999,1714500000000,60368.82000000,60538.38000000,60317.31000000,60332.87000000,707.81862000,1714501799999,42766595.69570550,30059,341.57834000,20640002.71299640,0
2024-05-01 00:29:59.999,1714501800000,60332.87000000,60406.20000000,60018.00000000,60403.67000000,1084.64085000,1714503599999,65313225.61706660,40503,512.79004000,30885076.38909490,0
2024-05-01 00:59:59.999,1714503600000,60403.68000000,60503.87000000,59751.99000000,60046.04000000,2559.22257000,1714505399999,153688375.21346840,80511,858.13523000,51566465.19179890,0
2024-05-01 01:29:59.999,1714505400000,60046.04000000,60303.32000000,59191.60000000,59292.95000000,3026.92062000,1714507199999,180603908.75551050,88180,1231.26997000,73487150.17728280,0
2024-05-01 01:59:59.999,1714507200000,59292.95000000,60059.63000000,59274.75000000,59728.51000000,2492.01748000,1714508999999,148967560.70973150,69258,1238.31627000,74018627.76453520,0
2024-05-01 02:29:59.999,1714509000000,59728.52000000,60177.46000000,59705.57000000,59958.62000000,922.86297000,1714510799999,55298848.49711580,34588,460.37634000,27586277.73901280,0
2024-05-01 02:59:59.999,1714510800000,59958.62000000,60347.61000000,59952.49000000,60339.28000000,708.12639000,1714512599999,42609635.04917400,27756,418.12892000,25159853.57542850,0
2024-05-01 03:29:59.999,1714512600000,60339.27000000,60400.00000000,60166.00000000,60180.00000000,443.06162000,1714514399999,26695131.23501980,20307,184.96960000,11145372.36780070,0
2024-05-01 03:59:59.999,1714514400000,60180.00000000,60794.00000000,60156.00000000,60790.55000000,770.34881000,1714516199999,46566378.31453530,34178,432.87188000,26172225.67060680,0
2024-05-01 04:29:59.999,1714516200000,60790.54000000,61070.71000000,60447.44000000,60589.79000000,1174.89716000,1714517999999,71399837.10242250,42915,545.82216000,33182002.97202130,0
2024-05-01 04:59:59.999,1714518000000,60589.79000000,60638.00000000,60401.06000000,60586.73000000,370.57246000,1714519799999,22432873.53645140,22761,195.79621000,11853028.10290340,0
2024-05-01 05:29:59.999,1714519800000,60586.73000000,60924.16000000,60562.00000000,60672.00000000,552.56663000,1714521599999,33557296.24506870,23577,327.42398000,19882455.85183460,0
2024-05-01 05:59:59.999,1714521600000,60672.01000000,60841.63000000,60380.57000000,60425.57000000,766.58906000,1714523399999,46487219.63402550,27784,271.72861000,16479656.82931620,0
2024-05-01 06:29:59.999,1714523400000,60425.57000000,60425.57000000,60078.52000000,60240.57000000,921.10499000,1714525199999,55514608.05124930,36106,418.44537000,25218725.56691670,0
2024-05-01 06:59:59.999,1714525200000,60240.58000000,60336.13000000,59850.06000000,60298.11000000,1193.08470000,1714526999999,71683528.51090680,43141,584.32858000,35106991.44622730,0
2024-05-01 07:29:59.999,1714527000000,60298.11000000,60408.29000000,60023.20000000,60133.78000000,707.85167000,1714528799999,42644920.16134890,26827,305.08702000,18381486.37353880,0
2024-05-01 07:59:59.999,1714528800000,60133.79000000,60177.68000000,59590.00000000,59742.32000000,1505.21742000,1714530599999,89971481.85870260,44442,519.36820000,31047931.94647960,0
2024-05-01 08:29:59.999,1714530600000,59742.31000000,59978.00000000,59661.10000000,59927.99000000,591.72820000,1714532399999,35400644.36952360,22546,299.94593000,17945468.96721360,0
2024-05-01 08:59:59.999,1714532400000,59927.99000000,60121.16000000,59903.17000000,60008.14000000,395.66143000,1714534199999,23755937.09600950,17473,189.07682000,11350855.49149000,0
2024-05-01 09:29:59.999,1714534200000,60008.13000000,60317.88000000,60000.00000000,60246.03000000,449.23976000,1714535999999,27037285.97211610,16831,231.41325000,13924698.11610110,0
2024-05-01 09:59:59.999,1714536000000,60246.02000000,60361.09000000,60190.00000000,60208.08000000,478.10083000,1714537799999,28820045.86154320,16401,214.54346000,12934174.16170370,0
2024-05-01 10:29:59.999,1714537800000,60208.08000000,60333.87000000,60194.00000000,60283.99000000,359.59118000,1714539599999,21673423.82135370,14589,184.77982000,11136808.46070680,0
2024-05-01 10:59:59.999,1714539600000,60283.99000000,60334.76000000,60002.95000000,60027.78000000,429.64685000,1714541399999,25849033.35569170,19922,160.29095000,9642715.10584880,0
2024-05-01 11:29:59.999,1714541400000,60027.77000000,60250.00000000,59931.59000000,60050.00000000,461.35789000,1714543199999,27704281.02860630,21429,209.25118000,12567135.98653900,0
2024-05-01 11:59:59.999,1714543200000,60049.99000000,60113.24000000,59720.45000000,59731.65000000,490.57513000,1714544999999,29395606.17366330,23926,203.50004000,12193645.65296910,0
2024-05-01 12:29:59.999,1714545000000,59731.65000000,59858.11000000,59500.55000000,59529.94000000,856.53800000,1714546799999,51134582.37768110,32220,389.40930000,23248445.21616520,0
2024-05-01 12:59:59.999,1714546800000,59529.94000000,59569.23000000,57501.00000000,57993.88000000,7058.37515000,1714548599999,412397385.05154200,201894,2799.06105000,163473024.52297360,0
2024-05-01 13:29:59.999,1714548600000,57993.87000000,58161.10000000,57100.00000000,57499.99000000,5603.43542000,1714550399999,322735405.43451090,138280,2611.06536000,150417254.05953270,0
2024-05-01 13:59:59.999,1714550400000,57500.00000000,57596.63000000,56552.82000000,57019.97000000,7406.22658000,1714552199999,422651471.75502440,155428,3524.66225000,201211703.05761420,0
2024-05-01 14:29:59.999,1714552200000,57019.98000000,57174.11000000,56801.10000000,57169.69000000,3111.11701000,1714553999999,177376148.76258940,73164,1536.76866000,87615446.16633400,0
2024-05-01 14:59:59.999,1714554000000,57169.70000000,57653.34000000,57042.00000000,57422.31000000,2192.67596000,1714555799999,125720546.99954350,60945,1148.09979000,65827598.34190430,0
2024-05-01 15:29:59.999,1714555800000,57422.31000000,57473.94000000,57115.61000000,57115.61000000,1319.01542000,1714557599999,75565813.28527320,38706,597.89088000,34257210.50485260,0
2024-05-01 15:59:59.999,1714557600000,57115.61000000,57525.71000000,56888.00000000,57438.81000000,1696.60601000,1714559399999,96968193.85315180,53670,882.38964000,50442647.61838970,0
2024-05-01 16:29:59.999,1714559400000,57438.81000000,57770.00000000,57333.00000000,57768.68000000,960.24610000,1714561199999,55286987.13099860,36684,551.93834000,31783732.42477760,0
2024-05-01 16:59:59.999,1714561200000,57768.68000000,57863.00000000,57500.55000000,57582.00000000,1098.25482000,1714562999999,63346979.17624420,37536,537.73760000,31025512.25720420,0
2024-05-01 17:29:59.999,1714563000000,57581.99000000,57909.00000000,57455.58000000,57898.47000000,822.41950000,1714564799999,47435701.65727020,34327,426.71889000,24624293.56874980,0
2024-05-01 17:59:59.999,1714564800000,57898.46000000,58250.00000000,57729.89000000,58061.08000000,1793.96462000,1714566599999,104116298.66602520,51230,886.39871000,51441417.31476040,0
2024-05-01 18:29:59.999,1714566600000,58061.08000000,58275.87000000,57816.10000000,57969.98000000,1336.93199000,1714568399999,77678362.76982840,39823,640.85587000,37250865.59036560,0
2024-05-01 18:59:59.999,1714568400000,57969.99000000,57999.06000000,57666.00000000,57703.12000000,891.64062000,1714570199999,51519677.24391750,34477,421.05596000,24327087.37166520,0
2024-05-01 19:29:59.999,1714570200000,57703.12000000,57761.10000000,57223.29000000,57301.29000000,1811.38588000,1714571999999,104091713.02505990,60810,843.53593000,48469713.16433230,0
2024-05-01 19:59:59.999,1714572000000,57301.29000000,57550.00000000,57101.10000000,57436.72000000,1553.90305000,1714573799999,89073352.94008510,52779,835.33751000,47888314.06497440,0
2024-05-01 20:29:59.999,1714573800000,57436.71000000,57586.20000000,57221.99000000,57482.00000000,1037.92551000,1714575599999,59604241.46719820,37802,549.75030000,31571095.67211610,0
2024-05-01 20:59:59.999,1714575600000,57482.01000000,57511.10000000,56674.51000000,57096.01000000,2240.00634000,1714577399999,127719776.64935670,61622,952.33744000,54308410.86378500,0
2024-05-01 21:29:59.999,1714577400000,57096.00000000,57149.99000000,56748.42000000,56886.00000000,1020.98978000,1714579199999,58159580.92261610,36835,522.54188000,29773770.04642010,0
2024-05-01 21:59:59.999,1714579200000,56886.00000000,57430.00000000,56750.10000000,57352.20000000,1567.62215000,1714580999999,89470012.42017610,43086,972.89697000,55524489.31882830,0
2024-05-01 22:29:59.999,1714581000000,57352.21000000,57456.92000000,56912.00000000,57043.99000000,713.62618000,1714582799999,40759540.11016370,32913,309.54537000,17679955.76991270,0
2024-05-01 22:59:59.999,1714582800000,57044.00000000,57252.74000000,56625.09000000,57184.74000000,987.77952000,1714584599999,56241226.45088540,40159,479.95709000,27339273.59562190,0
2024-05-01 23:29:59.999,1714584600000,57184.74000000,57700.86000000,57151.10000000,57424.65000000,1115.90795000,1714586399999,64058323.47643990,40208,619.25895000,35550126.90481310,0
2024-05-01 23:59:59.999,1714586400000,57424.64000000,58181.90000000,57331.10000000,58003.99000000,3246.17163000,1714588199999,187893411.06620270,89426,1581.87475000,91563753.07782430,0
2024-05-02 00:29:59.999,1714588200000,58003.98000000,59468.00000000,57685.39000000,58913.99000000,5683.31777000,1714589999999,333696913.71179440,143741,2752.76246000,161694856.97878580,0
2024-05-02 00:59:59.999,1714590000000,58913.98000000,59264.16000000,58032.82000000,58060.55000000,3203.12760000,1714591799999,187861094.61766370,81228,1464.46748000,85929603.98828130,0
2024-05-02 01:29:59.999,1714591800000,58060.54000000,58060.55000000,56897.27000000,56954.47000000,3990.27208000,1714593599999,228773762.09104410,97054,1744.49074000,99994351.43046570,0
2024-05-02 01:59:59.999,1714593600000,56954.46000000,57371.93000000,56760.02000000,57359.27000000,1539.92209000,1714595399999,87935611.82589720,47471,803.19379000,45874757.86565210,0
2024-05-02 02:29:59.999,1714595400000,57359.26000000,57531.10000000,57171.29000000,57361.70000000,815.89031000,1714597199999,46835341.15866820,28557,418.72877000,24038134.10472620,0
2024-05-02 02:59:59.999,1714597200000,57361.71000000,58158.00000000,57257.99000000,58158.00000000,1024.94514000,1714598999999,59172252.97270490,38645,604.27346000,34891748.57276900,0
2024-05-02 03:29:59.999,1714599000000,58157.99000000,58203.34000000,57719.55000000,57909.03000000,612.03790000,1714600799999,35442297.74303130,29629,286.45411000,16590625.98876080,0
2024-05-02 03:59:59.999,1714600800000,57909.03000000,58209.72000000,57872.61000000,58005.98000000,882.78806000,1714602599999,51217233.90648170,28353,455.94120000,26451240.63978230,0
2024-05-02 04:29:59.999,1714602600000,58005.98000000,58091.10000000,57857.71000000,57880.58000000,450.82670000,1714604399999,26147665.24575100,19662,211.35377000,12259727.79635380,0
2024-05-02 04:59:59.999,1714604400000,57880.58000000,58075.47000000,57828.00000000,57924.15000000,369.16902000,1714606199999,21397677.62171230,17856,158.57758000,9190181.23393470,0
2024-05-02 05:29:59.999,1714606200000,57924.15000000,58575.32000000,57907.56000000,58364.97000000,2401.65726000,1714607999999,140149762.25892670,53452,890.48269000,51943615.39153120,0
2024-05-02 05:59:59.999,1714608000000,58364.97000000,58610.55000000,58112.35000000,58146.18000000,2550.69575000,1714609799999,148910273.16993230,58425,943.18941000,55057655.88637450,0
2024-05-02 06:29:59.999,1714609800000,58146.19000000,58198.06000000,57641.73000000,57767.29000000,1018.03309000,1714611599999,58923414.92344430,30922,346.53486000,20051493.15826990,0
2024-05-02 06:59:59.999,1714611600000,57767.30000000,57900.02000000,57659.85000000,57663.80000000,629.85247000,1714613399999,36394122.09856920,22484,271.10274000,15665153.45629800,0
2024-05-02 07:29:59.999,1714613400000,57663.81000000,57702.75000000,56911.84000000,57112.37000000,4901.10998000,1714615199999,280303271.73023150,95337,2846.83108000,162760038.59761420,0
2024-05-02 07:59:59.999,1714615200000,57112.37000000,57458.12000000,57109.01000000,57331.56000000,678.42876000,1714616999999,38894512.85465740,26366,338.57420000,19408576.94917910,0
2024-05-02 08:29:59.999,1714617000000,57331.56000000,57641.04000000,57169.81000000,57463.87000000,535.69751000,1714618799999,30739073.73797830,24374,269.22395000,15447995.90742730,0
2024-05-02 08:59:59.999,1714618800000,57463.88000000,57705.08000000,57377.32000000,57684.13000000,400.10295000,1714620599999,23023675.30387210,18053,229.51950000,13211557.02998080,0
2024-05-02 09:29:59.999,1714620600000,57684.13000000,57686.62000000,57424.52000000,57442.88000000,498.09651000,1714622399999,28665728.98460870,20555,228.33662000,13140937.76268730,0
2024-05-02 09:59:59.999,1714622400000,57442.88000000,57561.10000000,57442.87000000,57556.10000000,269.13669000,1714624199999,15472403.30794000,15427,136.84979000,7867660.46895040,0
2024-05-02 10:29:59.999,1714624200000,57556.11000000,57647.40000000,57301.11000000,57396.22000000,471.50384000,1714625999999,27092095.32645400,18559,239.16798000,13741400.42741070,0
2024-05-02 10:59:59.999,1714626000000,57396.23000000,57537.73000000,57289.98000000,57308.95000000,422.97231000,1714627799999,24287532.91528160,19474,244.52161000,14041309.21970180,0
2024-05-02 11:29:59.999,1714627800000,57308.94000000,57500.05000000,57202.49000000,57484.57000000,585.49008000,1714629599999,33578231.36427480,21020,363.79613000,20862267.36761310,0
2024-05-02 11:59:59.999,1714629600000,57484.57000000,57725.98000000,57404.08000000,57718.55000000,747.57158000,1714631399999,43028045.51447280,28773,407.21176000,23439336.22605440,0
2024-05-02 12:29:59.999,1714631400000,57718.55000000,57725.00000000,57531.10000000,57628.56000000,328.99448000,1714633199999,18959520.89113630,16977,147.02549000,8472091.09625000,0
2024-05-02 12:59:59.999,1714633200000,57628.57000000,57945.19000000,57618.07000000,57745.44000000,732.38094000,1714634999999,42312676.05053510,25405,421.92273000,24375078.76638170,0
2024-05-02 13:29:59.999,1714635000000,57745.44000000,57774.21000000,57643.60000000,57681.08000000,472.50938000,1714636799999,27263714.70076650,19102,239.14656000,13797866.89510870,0
2024-05-02 13:59:59.999,1714636800000,57681.08000000,57981.46000000,57612.73000000,57905.86000000,803.09620000,1714638599999,46416417.61484080,29357,449.14749000,25958799.52181970,0
2024-05-02 14:29:59.999,1714638600000,57905.85000000,57978.87000000,57800.00000000,57834.82000000,515.45885000,1714640399999,29835421.05477950,22244,267.40098000,15477726.03068750,0
2024-05-02 14:59:59.999,1714640400000,57834.82000000,57892.52000000,57626.89000000,57750.99000000,450.32147000,1714642199999,26010966.31687410,21203,195.22331000,11274771.37546490,0
2024-05-02 15:29:59.999,1714642200000,57750.99000000,57820.41000000,57641.10000000,57804.36000000,493.99361000,1714643999999,28519959.98849280,19723,222.98866000,12873106.62108390,0
2024-05-02 15:59:59.999,1714644000000,57804.37000000,57855.70000000,57659.13000000,57691.09000000,726.82672000,1714645799999,41961365.39704500,20828,386.26447000,22298543.50711640,0
2024-05-02 16:29:59.999,1714645800000,57691.08000000,57898.01000000,57561.14000000,57801.41000000,669.03724000,1714647599999,38636461.90068380,28548,344.85066000,19916336.57250240,0
2024-05-02 16:59:59.999,1714647600000,57801.41000000,58484.32000000,57783.04000000,58299.47000000,2062.38279000,1714649399999,120059130.12149270,57085,1147.30829000,66784905.04466200,0
2024-05-02 17:29:59.999,1714649400000,58299.48000000,58689.55000000,58075.48000000,58559.66000000,1549.16475000,1714651199999,90552811.49105190,46361,816.76999000,47748606.85925650,0
2024-05-02 17:59:59.999,1714651200000,58559.66000000,59117.68000000,58446.18000000,58716.48000000,3349.53639000,1714652999999,197161092.19743490,73343,1489.02330000,87629178.67705590,0
2024-05-02 18:29:59.999,1714653000000,58716.48000000,59037.74000000,58511.31000000,58556.59000000,2693.75768000,1714654799999,158483551.66877330,59468,1236.37444000,72714291.54514580,0
2024-05-02 18:59:59.999,1714654800000,58556.58000000,58788.75000000,58411.10000000,58732.26000000,871.65220000,1714656599999,51084872.58629580,31242,432.81355000,25374184.99343400,0
2024-05-02 19:29:59.999,1714656600000,58732.27000000,58782.24000000,58222.00000000,58450.22000000,1232.60506000,1714658399999,72031105.69261860,42670,559.51925000,32706056.41615790,0
2024-05-02 19:59:59.999,1714658400000,58450.22000000,58738.19000000,58300.00000000,58659.33000000,1402.14539000,1714660199999,82030118.40802290,44788,694.27365000,40614448.92580920,0
2024-05-02 20:29:59.999,1714660200000,58659.32000000,59300.00000000,58569.26000000,59055.25000000,2242.10984000,1714661999999,132409877.13534420,61014,1289.75349000,76152927.02057650,0
2024-05-02 20:59:59.999,1714662000000,59055.26000000,59402.73000000,58972.44000000,59360.53000000,1886.46412000,1714663799999,111734374.94541390,52042,981.18124000,58117710.53739110,0
2024-05-02 21:29:59.999,1714663800000,59360.53000000,59455.00000000,59151.10000000,59264.15000000,1349.67909000,1714665599999,80034873.15245410,42088,645.19774000,38266147.62136200,0
2024-05-02 21:59:59.999,1714665600000,59264.16000000,59315.32000000,58943.38000000,59150.94000000,1198.12393000,1714667399999,70766536.60333850,39924,392.55640000,23191378.30361960,0
2024-05-02 22:29:59.999,1714667400000,59150.95000000,59150.95000000,58948.93000000,59017.54000000,462.62442000,1714669199999,27310761.99327450,29596,209.14449000,12346583.30107110,0
2024-05-02 22:59:59.999,1714669200000,59017.53000000,59301.10000000,58955.31000000,59037.86000000,802.01490000,1714670999999,47417507.41985200,35029,435.53389000,25755396.20487190,0
2024-05-02 23:29:59.999,1714671000000,59037.86000000,59281.44000000,58963.21000000,59190.24000000,454.67375000,1714672799999,26870722.10466380,23450,232.09097000,13716657.88168430,0
2024-05-02 23:59:59.999,1714672800000,59190.24000000,59443.62000000,58987.49000000,59107.14000000,705.35614000,1714674599999,41779275.80777030,31584,328.76437000,19475102.46281120,0
2024-05-03 00:29:59.999,1714674600000,59107.13000000,59575.29000000,59037.74000000,59383.52000000,584.40039000,1714676399999,34681039.63871940,31961,294.40733000,17475482.50063920,0
2024-05-03 00:59:59.999,1714676400000,59383.52000000,59385.57000000,59071.10000000,59173.47000000,511.57627000,1714678199999,30285331.39511440,27429,231.47815000,13701888.02473360,0
2024-05-03 01:29:59.999,1714678200000,59173.48000000,59366.28000000,59025.51000000,59351.11000000,457.47291000,1714679999999,27079500.45719500,24006,221.21077000,13096157.16503960,0
2024-05-03 01:59:59.999,1714680000000,59351.10000000,59431.10000000,59077.00000000,59111.29000000,549.60473000,1714681799999,32581469.77483190,25280,240.15511000,14240020.52486980,0
2024-05-03 02:29:59.999,1714681800000,59111.28000000,59165.81000000,58637.62000000,58727.45000000,1224.44558000,1714683599999,72096870.43409380,42270,442.92016000,26075987.48959360,0
2024-05-03 02:59:59.999,1714683600000,58727.45000000,59000.00000000,58701.10000000,58999.00000000,503.61967000,1714685399999,29639455.51216520,21834,225.11015000,13251041.79754550,0
2024-05-03 03:29:59.999,1714685400000,58999.00000000,59625.00000000,58991.26000000,59112.58000000,909.83191000,1714687199999,53994548.08355180,42843,480.21840000,28497307.37333590,0
2024-05-03 03:59:59.999,1714687200000,59112.59000000,59395.84000000,59083.33000000,59235.84000000,618.45665000,1714688999999,36671023.04303440,27377,291.03126000,17256606.84689850,0
2024-05-03 04:29:59.999,1714689000000,59235.85000000,59454.17000000,59137.61000000,59328.00000000,393.46342000,1714690799999,23336635.23574070,22417,185.78004000,11018322.74712570,0
2024-05-03 04:59:59.999,1714690800000,59328.00000000,59377.36000000,59213.47000000,59213.48000000,334.28417000,1714692599999,19818821.65498610,19043,102.50688000,6076907.68859010,0
2024-05-03 05:29:59.999,1714692600000,59213.47000000,59278.00000000,59057.73000000,59060.61000000,333.06305000,1714694399999,19700113.34647360,15598,96.80041000,5725775.08947930,0
2024-05-03 05:59:59.999,1714694400000,59060.60000000,59131.10000000,58875.02000000,58875.02000000,693.33303000,1714696199999,40914168.75430180,25929,325.58378000,19215170.76550410,0
2024-05-03 06:29:59.999,1714696200000,58875.02000000,59071.10000000,58811.32000000,59031.81000000,382.97452000,1714697999999,22567910.90705830,18428,202.82661000,11953043.39669660,0
2024-05-03 06:59:59.999,1714698000000,59031.81000000,59483.34000000,59004.00000000,59441.77000000,498.85235000,1714699799999,29585438.95557190,26359,283.38381000,16805131.93020870,0
2024-05-03 07:29:59.999,1714699800000,59441.78000000,59498.00000000,59241.96000000,59311.11000000,502.85734000,1714701599999,29864838.13974670,26357,200.84580000,11928207.43138670,0
2024-05-03 07:59:59.999,1714701600000,59311.10000000,59916.12000000,59255.22000000,59600.01000000,1019.32310000,1714703399999,60837187.80114430,40538,641.42911000,38284444.10853820,0
2024-05-03 08:29:59.999,1714703400000,59600.02000000,59716.67000000,59507.88000000,59543.76000000,444.19654000,1714705199999,26465937.99141880,19344,214.03558000,12752052.21057480,0
2024-05-03 08:59:59.999,1714705200000,59543.75000000,59999.00000000,59504.00000000,59731.10000000,959.42818000,1714706999999,57399453.13699980,32027,534.74173000,31994490.10859930,0
2024-05-03 09:29:59.999,1714707000000,59731.10000000,59837.99000000,59652.85000000,59720.30000000,608.44411000,1714708799999,36352839.90626440,21061,260.30029000,15551501.55336610,0
2024-05-03 09:59:59.999,1714708800000,59720.30000000,59844.94000000,59640.00000000,59760.00000000,401.16206000,1714710599999,23970834.83448020,18440,200.77010000,11997616.13196730,0
2024-05-03 10:29:59.999,1714710600000,59760.01000000,59770.00000000,59548.00000000,59604.00000000,380.32053000,1714712399999,22673266.19517500,17992,136.22849000,8119545.18217980,0
2024-05-03 10:59:59.999,1714712400000,59604.00000000,59627.90000000,59468.89000000,59581.10000000,445.96635000,1714714199999,26559939.99432680,17993,185.86367000,11068798.76454690,0
2024-05-03 11:29:59.999,1714714200000,59581.11000000,59625.55000000,59494.00000000,59522.67000000,373.19603000,1714715999999,22228517.58915780,17516,147.63664000,8793688.36060020,0
2024-05-03 11:59:59.999,1714716000000,59522.68000000,59574.60000000,59342.00000000,59418.62000000,605.67387000,1714717799999,36011830.05425700,21716,226.19450000,13447974.63832760,0
2024-05-03 12:29:59.999,1714717800000,59418.63000000,59422.99000000,59233.30000000,59254.74000000,335.33070000,1714719599999,19897055.33226070,17439,116.18141000,6893326.80689620,0
2024-05-03 12:59:59.999,1714719600000,59254.75000000,59423.00000000,59221.10000000,59371.10000000,485.36132000,1714721399999,28817288.58996920,18487,274.35513000,16290444.59161520,0
2024-05-03 13:29:59.999,1714721400000,59371.10000000,59405.67000000,59061.63000000,59190.74000000,882.02274000,1714723199999,52230350.84651980,31133,463.96985000,27474454.23603950,0
2024-05-03 13:59:59.999,1714723200000,59190.74000000,59331.10000000,59136.49000000,59331.09000000,322.60050000,1714724999999,19112527.68611870,18315,159.19714000,9432210.28121670,0
2024-05-03 14:29:59.999,1714725000000,59331.10000000,59388.00000000,59196.00000000,59225.99000000,268.64262000,1714726799999,15937260.23011780,16839,106.63901000,6326700.93997100,0
2024-05-03 14:59:59.999,1714726800000,59225.99000000,59432.15000000,59196.11000000,59368.02000000,322.73548000,1714728599999,19148750.65354280,16070,181.76903000,10785026.59333450,0
2024-05-03 15:29:59.999,1714728600000,59368.01000000,59575.48000000,59325.72000000,59481.12000000,425.60528000,1714730399999,25313687.98414730,17782,251.20727000,14941899.56337820,0
2024-05-03 15:59:59.999,1714730400000,59481.11000000,59486.63000000,59274.54000000,59304.01000000,299.53416000,1714732199999,17780975.23452410,17078,144.66040000,8587159.13118470,0
2024-05-03 16:29:59.999,1714732200000,59304.01000000,59326.00000000,58849.94000000,59040.00000000,919.45899000,1714733999999,54234387.34966870,34193,399.16540000,23535882.28388680,0
2024-05-03 16:59:59.999,1714734000000,59040.01000000,59200.00000000,58867.92000000,59194.07000000,480.94678000,1714735799999,28382005.61127190,21750,254.57468000,15022223.90554710,0
2024-05-03 17:29:59.999,1714735800000,59194.08000000,59438.08000000,59042.28000000,59291.09000000,601.32895000,1714737599999,35592560.55443710,25012,327.88973000,19409604.93919120,0
2024-05-03 17:59:59.999,1714737600000,59291.10000000,59291.10000000,58991.99000000,59166.73000000,570.68324000,1714739399999,33737399.64335770,24775,238.91246000,14122508.82617380,0
2024-05-03 18:29:59.999,1714739400000,59166.72000000,60779.29000000,59112.81000000,60641.00000000,5373.79144000,1714741199999,323822336.67165850,135969,2909.09319000,175241808.00085840,0
2024-05-03 18:59:59.999,1714741200000,60641.00000000,61286.21000000,60523.34000000,61239.31000000,4005.88457000,1714742999999,244522738.10114210,94775,2105.42938000,128522454.17129760,0
2024-05-03 19:29:59.999,1714743000000,61239.31000000,61836.60000000,61156.59000000,61689.94000000,3017.65463000,1714744799999,185737013.91522820,86119,1512.32987000,93081329.41921930,0
2024-05-03 19:59:59.999,1714744800000,61689.95000000,62115.64000000,61347.10000000,61706.13000000,2735.25464000,1714746599999,168803260.54917650,84946,1349.79261000,83329300.80316730,0
2024-05-03 20:29:59.999,1714746600000,61706.14000000,61890.95000000,61526.08000000,61618.17000000,1055.36132000,1714748399999,65127697.44366450,38399,491.33195000,30322813.10954190,0
2024-05-03 20:59:59.999,1714748400000,61618.16000000,61749.27000000,61335.69000000,61381.95000000,1501.49036000,1714750199999,92330932.09218550,43852,685.24860000,42130860.94581470,0
2024-05-03 21:29:59.999,1714750200000,61381.96000000,61800.00000000,61342.74000000,61690.74000000,931.60492000,1714751999999,57380189.78625510,34780,473.65629000,29170844.65956690,0
2024-05-03 21:59:59.999,1714752000000,61690.74000000,62000.00000000,61685.53000000,61964.00000000,898.15825000,1714753799999,55529979.40173120,32871,515.31144000,31860369.92737870,0
2024-05-03 22:29:59.999,1714753800000,61963.99000000,62179.99000000,61538.70000000,61681.99000000,928.76463000,1714755599999,57468363.66705690,38341,439.78121000,27221979.26108500,0
2024-05-03 22:59:59.999,1714755600000,61682.00000000,61925.99000000,61533.20000000,61906.07000000,530.36136000,1714757399999,32729048.49896900,23245,251.08501000,15496098.00145030,0
2024-05-03 23:29:59.999,1714757400000,61906.08000000,61953.80000000,61756.00000000,61805.85000000,388.73136000,1714759199999,24045899.89745890,19725,181.94932000,11254542.20008200,0
2024-05-03 23:59:59.999,1714759200000,61805.84000000,61986.00000000,61725.00000000,61725.02000000,470.31832000,1714760999999,29086423.65649890,20044,238.08816000,14723971.62552060,0
2024-05-04 00:29:59.999,1714761000000,61725.02000000,61892.22000000,61695.00000000,61829.16000000,252.34113000,1714762799999,15595939.54019550,16498,127.97435000,7908786.22784620,0
2024-05-04 00:59:59.999,1714762800000,61829.15000000,61829.16000000,61597.14000000,61757.78000000,463.24756000,1714764599999,28577685.35649710,20156,227.85313000,14056270.66360900,0
2024-05-04 01:29:59.999,1714764600000,61757.78000000,62103.00000000,61720.01000000,62067.32000000,662.39226000,1714766399999,40985490.02858560,23590,374.73413000,23185995.59391050,0
2024-05-04 01:59:59.999,1714766400000,62067.32000000,62879.31000000,61974.00000000,62764.39000000,1754.69019000,1714768199999,109601496.17605420,59565,1050.78713000,65637102.54068490,0
2024-05-04 02:29:59.999,1714768200000,62764.38000000,63202.97000000,62711.57000000,62900.00000000,1642.63141000,1714769999999,103392830.87451660,60726,884.77324000,55694643.12327570,0
2024-05-04 02:59:59.999,1714770000000,62899.99000000,62950.00000000,62510.00000000,62515.99000000,677.12400000,1714771799999,42470551.35234210,29972,292.45435000,18345763.97217250,0
2024-05-04 03:29:59.999,1714771800000,62515.99000000,62823.85000000,62361.96000000,62738.00000000,642.81637000,1714773599999,40202624.21711760,27429,320.09011000,20022477.95009720,0
2024-05-04 03:59:59.999,1714773600000,62738.00000000,62973.00000000,62637.76000000,62946.57000000,595.95796000,1714775399999,37408359.25424540,27980,297.50342000,18675269.31140880,0
2024-05-04 04:29:59.999,1714775400000,62946.57000000,63005.47000000,62768.00000000,62782.43000000,548.41550000,1714777199999,34502137.15542660,22697,262.62890000,16525488.88621330,0
2024-05-04 04:59:59.999,1714777200000,62782.42000000,63133.40000000,62769.86000000,63111.98000000,635.77774000,1714778999999,40041789.55404020,23152,343.74888000,21654047.65947800,0
2024-05-04 05:29:59.999,1714779000000,63111.97000000,63333.00000000,62799.31000000,62882.01000000,685.65274000,1714780799999,43214507.18201940,31257,331.43705000,20892130.86115090,0
2024-05-04 05:59:59.999,1714780800000,62882.01000000,62957.74000000,62765.41000000,62802.00000000,509.53458000,1714782599999,32027020.88021660,22673,277.79647000,17461602.60360730,0
2024-05-04 06:29:59.999,1714782600000,62802.01000000,63171.16000000,62797.53000000,63083.99000000,504.39730000,1714784399999,31787865.55061460,22219,290.55772000,18310006.35480760,0
2024-05-04 06:59:59.999,1714784400000,63083.99000000,63595.14000000,62813.78000000,63566.01000000,885.72635000,1714786199999,55962874.43755820,36171,518.65950000,32791482.78993070,0
2024-05-04 07:29:59.999,1714786200000,63566.00000000,63574.00000000,62797.18000000,62856.03000000,982.98870000,1714787999999,62005249.65114430,37511,445.48402000,28096793.19591750,0
2024-05-04 07:59:59.999,1714788000000,62856.03000000,62900.00000000,62544.80000000,62713.99000000,590.34956000,1714789799999,37031810.53602370,32070,275.84457000,17302981.43187740,0
2024-05-04 08:29:59.999,1714789800000,62713.99000000,62776.20000000,62541.03000000,62699.07000000,526.62207000,1714791599999,32997987.07681970,19291,277.82981000,17407223.93246190,0
2024-05-04 08:59:59.999,1714791600000,62699.07000000,62884.62000000,62682.86000000,62834.00000000,454.53071000,1714793399999,28530731.63381180,15582,304.06625000,19086546.55463560,0
2024-05-04 09:29:59.999,1714793400000,62834.00000000,62834.01000000,62662.00000000,62724.00000000,289.31568000,1714795199999,18146583.59878200,15367,133.73224000,8387717.51412910,0
2024-05-04 09:59:59.999,1714795200000,62724.00000000,62860.00000000,62686.00000000,62731.99000000,295.20056000,1714796999999,18524934.28370280,16353,168.91395000,10598909.52492620,0
2024-05-04 10:29:59.999,1714797000000,62731.99000000,63188.00000000,62702.06000000,63057.99000000,771.31462000,1714798799999,48561847.62083940,31322,491.15568000,30916455.45007610,0
2024-05-04 10:59:59.999,1714798800000,63057.99000000,63254.60000000,62956.00000000,63056.00000000,396.10369000,1714800599999,24994514.88138640,21413,201.60865000,12724299.34180230,0
2024-05-04 11:29:59.999,1714800600000,63056.00000000,63450.00000000,63056.00000000,63384.01000000,490.34626000,1714802399999,31010416.36369260,25006,278.72607000,17629371.09622140,0
2024-05-04 11:59:59.999,1714802400000,63384.01000000,63390.06000000,63089.21000000,63189.46000000,293.80886000,1714804199999,18571717.79793280,19666,126.89593000,8020499.86254950,0
2024-05-04 12:29:59.999,1714804200000,63189.46000000,63208.77000000,62905.65000000,62966.93000000,412.39111000,1714805999999,25998364.46709420,21027,155.34670000,9791356.47958070,0
2024-05-04 12:59:59.999,1714806000000,62966.92000000,63048.97000000,62851.96000000,63040.72000000,337.59782000,1714807799999,21249413.27800110,17397,153.35384000,9653164.84393430,0
2024-05-04 13:29:59.999,1714807800000,63040.72000000,63132.57000000,62941.34000000,62959.03000000,271.82532000,1714809599999,17134676.86543700,15862,104.87626000,6611642.64627320,0
2024-05-04 13:59:59.999,1714809600000,62959.03000000,63122.69000000,62924.37000000,62983.02000000,311.67173000,1714811399999,19636985.72697290,16705,128.35103000,8086985.81980020,0
2024-05-04 14:29:59.999,1714811400000,62983.03000000,63226.43000000,62983.02000000,63160.95000000,308.53793000,1714813199999,19475467.17213200,15352,165.59753000,10451627.67864600,0
2024-05-04 14:59:59.999,1714813200000,63160.95000000,63300.00000000,63150.10000000,63260.37000000,353.93557000,1714814999999,22381474.20411370,18904,172.42441000,10902942.34512330,0
2024-05-04 15:29:59.999,1714815000000,63260.37000000,63260.38000000,63055.55000000,63179.80000000,222.51485000,1714816799999,14049564.86761170,13540,75.16890000,4746227.31105960,0
2024-05-04 15:59:59.999,1714816800000,63179.80000000,63377.00000000,63110.66000000,63342.48000000,325.90803000,1714818599999,20610602.55678120,17129,191.93319000,12141168.53204270,0
2024-05-04 16:29:59.999,1714818600000,63342.49000000,64497.99000000,63342.48000000,64420.91000000,2629.54255000,1714820399999,168072649.90742500,92627,1661.71806000,106211649.98091390,0
2024-05-04 16:59:59.999,1714820400000,64420.90000000,64540.00000000,64104.37000000,64280.87000000,1421.37929000,1714822199999,91424620.05212600,48150,794.59164000,51115379.55759690,0
2024-05-04 17:29:59.999,1714822200000,64280.88000000,64320.01000000,63658.79000000,63873.31000000,973.25521000,1714823999999,62289090.48821820,37431,411.36807000,26321606.94616390,0
2024-05-04 17:59:59.999,1714824000000,63873.30000000,64027.77000000,63758.51000000,63944.04000000,673.21303000,1714825799999,43014963.39932620,26244,320.80009000,20498860.41467950,0
2024-05-04 18:29:59.999,1714825800000,63944.05000000,64098.63000000,63792.41000000,64066.35000000,389.23711000,1714827599999,24869814.62833330,19048,211.84690000,13537070.79473470,0
2024-05-04 18:59:59.999,1714827600000,64066.34000000,64158.19000000,63726.51000000,63746.90000000,497.74599000,1714829399999,31826973.08294750,26988,213.73324000,13665988.95996160,0
2024-05-04 19:29:59.999,1714829400000,63746.90000000,63765.77000000,63434.53000000,63730.01000000,741.93288000,1714831199999,47169358.70571110,32969,292.03360000,18568824.78281420,0
2024-05-04 19:59:59.999,1714831200000,63730.00000000,63761.97000000,63550.28000000,63726.65000000,251.25762000,1714832999999,15996363.26777750,15856,122.76296000,7816110.05054180,0
2024-05-04 20:29:59.999,1714833000000,63726.64000000,63956.00000000,63685.48000000,63819.09000000,402.29521000,1714834799999,25671973.06455900,20441,225.79944000,14409839.65019330,0
2024-05-04 20:59:59.999,1714834800000,63819.08000000,63846.00000000,63581.06000000,63613.29000000,288.24273000,1714836599999,18357775.30733890,16523,121.06825000,7708745.88472560,0
2024-05-04 21:29:59.999,1714836600000,63613.30000000,63638.38000000,63439.56000000,63609.17000000,568.00911000,1714838399999,36080973.21390780,21275,308.37662000,19587164.16602990,0
2024-05-04 21:59:59.999,1714838400000,63609.17000000,63650.00000000,63386.01000000,63531.91000000,442.71653000,1714840199999,28115806.95782760,22163,230.63512000,14646322.97325880,0
2024-05-04 22:29:59.999,1714840200000,63531.91000000,63731.86000000,63450.00000000,63683.01000000,400.46924000,1714841999999,25484298.90380770,21306,221.46367000,14093069.00904930,0
2024-05-04 22:59:59.999,1714842000000,63683.02000000,63774.60000000,63333.33000000,63492.91000000,692.64011000,1714843799999,44043013.44030050,30413,439.32109000,27938855.27052870,0
2024-05-04 23:29:59.999,1714843800000,63492.92000000,63583.58000000,63300.58000000,63463.30000000,806.08360000,1714845599999,51141901.17200640,25986,249.80411000,15851164.48891860,0
2024-05-04 23:59:59.999,1714845600000,63463.30000000,63586.08000000,63388.12000000,63563.80000000,262.64588000,1714847399999,16672542.00716270,14655,175.82601000,11161146.55124060,0
2024-05-05 00:29:59.999,1714847400000,63563.80000000,63744.69000000,63563.79000000,63643.63000000,292.89953000,1714849199999,18646505.94799650,15267,168.70676000,10740192.09802240,0
2024-05-05 00:59:59.999,1714849200000,63643.63000000,63682.06000000,63540.41000000,63631.90000000,195.30273000,1714850999999,12423795.48016130,12840,96.70659000,6152483.74958310,0
2024-05-05 01:29:59.999,1714851000000,63631.90000000,64019.83000000,63606.63000000,63921.18000000,525.21512000,1714852799999,33529235.23713780,24740,280.68621000,17921476.15053650,0
2024-05-05 01:59:59.999,1714852800000,63921.17000000,64240.76000000,63921.17000000,64040.28000000,392.60221000,1714854599999,25153545.74471470,22393,236.85609000,15175490.70423410,0
2024-05-05 02:29:59.999,1714854600000,64040.28000000,64040.29000000,63853.74000000,63867.73000000,221.40716000,1714856399999,14154873.69727500,15597,91.30866000,5837403.77545500,0
2024-05-05 02:59:59.999,1714856400000,63867.74000000,64112.51000000,63843.88000000,64028.26000000,204.15084000,1714858199999,13060005.82015240,15368,100.40357000,6423752.47773770,0
2024-05-05 03:29:59.999,1714858200000,64028.26000000,64039.63000000,63550.00000000,63903.91000000,473.74742000,1714859999999,30204971.20857790,27802,209.51447000,13359388.04699450,0
2024-05-05 03:59:59.999,1714860000000,63903.91000000,63945.92000000,63662.80000000,63728.02000000,272.32053000,1714861799999,17369409.07495690,14594,108.74316000,6935582.33557290,0
2024-05-05 04:29:59.999,1714861800000,63728.02000000,63807.18000000,63569.99000000,63613.92000000,363.91146000,1714863599999,23159728.49627580,16311,188.31648000,11982411.17604120,0
2024-05-05 04:59:59.999,1714863600000,63613.92000000,63927.72000000,63606.62000000,63907.83000000,267.13443000,1714865399999,17046101.62684270,15285,170.17190000,10859501.91080580,0
2024-05-05 05:29:59.999,1714865400000,63907.84000000,63932.61000000,63796.54000000,63892.04000000,184.71400000,1714867199999,11798304.49304460,10677,80.32051000,5130277.09051300,0
2024-05-05 05:59:59.999,1714867200000,63892.03000000,64188.00000000,63892.03000000,63914.33000000,615.32822000,1714868999999,39394141.39437500,26362,349.64004000,22384545.20045430,0
2024-05-05 06:29:59.999,1714869000000,63914.33000000,63924.78000000,63418.53000000,63509.52000000,645.32078000,1714870799999,41054451.48077230,28984,256.91527000,16344552.60595630,0
2024-05-05 06:59:59.999,1714870800000,63509.52000000,63580.00000000,63104.49000000,63262.12000000,745.15141000,1714872599999,47178558.25229800,31066,291.51740000,18453850.62055360,0
2024-05-05 07:29:59.999,1714872600000,63262.12000000,63330.80000000,62822.17000000,63315.47000000,949.26025000,1714874399999,59870032.52586850,39804,441.71346000,27866309.21837710,0
2024-05-05 07:59:59.999,1714874400000,63315.47000000,63423.13000000,63211.66000000,63359.24000000,264.86124000,1714876199999,16775647.96507300,15165,101.36814000,6420541.67186200,0
2024-05-05 08:29:59.999,1714876200000,63359.25000000,63432.40000000,63140.00000000,63141.71000000,301.38441000,1714877999999,19062543.96862710,14271,135.99547000,8601707.27756140,0
2024-05-05 08:59:59.999,1714878000000,63141.70000000,63271.81000000,63043.47000000,63068.60000000,226.89120000,1714879799999,14335332.78989260,14861,98.12321000,6200099.02906810,0
2024-05-05 09:29:59.999,1714879800000,63068.59000000,63247.99000000,63001.00000000,63235.93000000,275.61367000,1714881599999,17394871.76605400,14935,139.78170000,8823782.97042490,0
2024-05-05 09:59:59.999,1714881600000,63235.93000000,63414.10000000,63234.24000000,63404.01000000,191.67608000,1714883399999,12138247.05545470,13522,122.86051000,7780413.45276920,0
2024-05-05 10:29:59.999,1714883400000,63404.01000000,63426.01000000,63284.68000000,63345.20000000,177.66651000,1714885199999,11255445.09578920,11015,93.76659000,5940585.98713530,0
2024-05-05 10:59:59.999,1714885200000,63345.19000000,63493.55000000,63293.28000000,63357.50000000,159.53299000,1714886999999,10114406.20469410,11977,80.05651000,5076401.09065620,0
2024-05-05 11:29:59.999,1714887000000,63357.50000000,63378.00000000,63119.32000000,63211.67000000,242.00893000,1714888799999,15311766.35441350,14245,96.43093000,6101468.16790350,0
2024-05-05 11:59:59.999,1714888800000,63211.66000000,63440.59000000,63162.00000000,63374.04000000,207.26321000,1714890599999,13123746.01679920,13526,101.28162000,6413379.65061130,0
2024-05-05 12:29:59.999,1714890600000,63374.04000000,63457.51000000,63358.43000000,63382.84000000,143.83912000,1714892399999,9118383.19029100,10522,66.95303000,4244404.14074640,0
2024-05-05 12:59:59.999,1714892400000,63382.83000000,63722.62000000,63362.00000000,63653.23000000,426.11877000,1714894199999,27101500.85222330,22641,253.39449000,16114104.21450240,0
2024-05-05 13:29:59.999,1714894200000,63653.23000000,63959.00000000,63642.63000000,63736.87000000,436.85106000,1714895999999,27873503.52418240,24952,245.31289000,15651393.73753760,0
2024-05-05 13:59:59.999,1714896000000,63736.86000000,63887.14000000,63656.02000000,63810.15000000,344.59204000,1714897799999,21971652.74629370,23913,171.81514000,10956328.83685980,0
2024-05-05 14:29:59.999,1714897800000,63810.14000000,63932.57000000,63539.53000000,63668.00000000,656.63925000,1714899599999,41865370.21382860,45401,233.15292000,14866072.68303030,0
2024-05-05 14:59:59.999,1714899600000,63668.00000000,63715.05000000,63550.28000000,63674.12000000,273.27640000,1714901399999,17392324.48517340,23624,110.08249000,7006532.22482850,0
2024-05-05 15:29:59.999,1714901400000,63674.12000000,63743.43000000,63593.32000000,63673.42000000,167.59969000,1714903199999,10672652.81025640,15932,78.43952000,4995028.26713070,0
2024-05-05 15:59:59.999,1714903200000,63673.41000000,63844.33000000,63638.92000000,63652.58000000,217.42481000,1714904999999,13857092.07830640,15618,95.77435000,6104420.06034590,0
2024-05-05 16:29:59.999,1714905000000,63652.58000000,63732.13000000,63555.39000000,63688.48000000,203.91006000,1714906799999,12977497.47011690,14641,71.99833000,4582081.62764090,0
2024-05-05 16:59:59.999,1714906800000,63688.49000000,63897.90000000,63609.48000000,63834.00000000,315.47653000,1714908599999,20113084.23086690,15733,174.96348000,11155194.00660350,0
2024-05-05 17:29:59.999,1714908600000,63834.00000000,63937.17000000,63774.01000000,63859.63000000,252.41695000,1714910399999,16121618.53555650,15801,127.52486000,8145293.20296430,0
2024-05-05 17:59:59.999,1714910400000,63859.63000000,63884.00000000,63673.85000000,63740.01000000,226.69419000,1714912199999,14453700.49346580,14814,97.22230000,6199198.64969020,0
2024-05-05 18:29:59.999,1714912200000,63740.01000000,63763.22000000,63633.01000000,63725.33000000,307.35499000,1714913999999,19578987.72076310,14835,157.76057000,10049453.28638400,0
2024-05-05 18:59:59.999,1714914000000,63725.32000000,64279.99000000,63618.91000000,63999.68000000,1242.87529000,1714915799999,79598604.57492010,39682,726.22605000,46498381.02737180,0
2024-05-05 19:29:59.999,1714915800000,63999.67000000,64194.00000000,63751.94000000,64119.92000000,543.91294000,1714917599999,34828000.26331470,29105,250.53898000,16043433.56298550,0
2024-05-05 19:59:59.999,1714917600000,64119.91000000,64122.00000000,63811.17000000,63868.08000000,287.74907000,1714919399999,18389599.02826230,20075,119.36138000,7626653.35653250,0
2024-05-05 20:29:59.999,1714919400000,63868.07000000,64148.08000000,63751.02000000,64100.00000000,451.44877000,1714921199999,28883313.27095520,24304,247.50149000,15834841.35263850,0
2024-05-05 20:59:59.999,1714921200000,64100.01000000,64459.02000000,63989.23000000,64348.00000000,796.93056000,1714922999999,51205185.39706400,41308,421.32098000,27075083.08033840,0
2024-05-05 21:29:59.999,1714923000000,64347.99000000,64646.00000000,64119.23000000,64428.65000000,1548.87211000,1714924799999,99707992.53106610,59027,919.60350000,59208813.93635390,0
2024-05-05 21:59:59.999,1714924800000,64428.64000000,64554.68000000,64244.84000000,64262.00000000,679.92628000,1714926599999,43777147.19896120,30510,337.58892000,21733689.39589790,0
2024-05-05 22:29:59.999,1714926600000,64261.99000000,64382.10000000,64196.73000000,64321.99000000,292.16780000,1714928399999,18784175.10689550,19244,142.76016000,9178408.83055720,0
2024-05-05 22:59:59.999,1714928400000,64322.00000000,64476.00000000,64190.00000000,64368.01000000,266.07923000,1714930199999,17117304.60748480,17486,117.18356000,7539444.84508610,0
2024-05-05 23:29:59.999,1714930200000,64368.00000000,64442.02000000,64155.77000000,64218.00000000,390.26112000,1714931999999,25086177.89277230,18385,114.20155000,7343028.85920480,0
2024-05-05 23:59:59.999,1714932000000,64218.00000000,64249.42000000,64000.00000000,64000.01000000,450.13696000,1714933799999,28844937.91616170,22358,169.26643000,10846491.60809200,0
2024-05-06 00:29:59.999,1714933800000,64000.01000000,64022.30000000,63811.01000000,63932.60000000,461.07873000,1714935599999,29487312.97126720,22347,143.32219000,9164421.22955450,0
2024-05-06 00:59:59.999,1714935600000,63932.61000000,63999.99000000,63865.99000000,63954.19000000,155.59872000,1714937399999,9950217.25681430,11567,70.86634000,4531619.39313410,0
2024-05-06 01:29:59.999,1714937400000,63954.19000000,63970.70000000,63843.99000000,63879.94000000,176.66298000,1714939199999,11289723.25569320,10940,89.53423000,5721452.85605630,0
2024-05-06 01:59:59.999,1714939200000,63879.94000000,63879.95000000,63636.95000000,63652.60000000,292.19923000,1714940999999,18632134.69747450,18241,97.72622000,6231566.00682750,0
2024-05-06 02:29:59.999,1714941000000,63652.59000000,63765.77000000,63582.08000000,63738.78000000,206.95139000,1714942799999,13175558.27306820,14145,105.03666000,6687493.40656360,0
2024-05-06 02:59:59.999,1714942800000,63738.77000000,63827.34000000,63600.00000000,63743.57000000,214.63503000,1714944599999,13672912.31904440,14194,105.47780000,6718630.37429180,0
2024-05-06 03:29:59.999,1714944600000,63743.58000000,63868.41000000,63680.82000000,63868.41000000,128.56918000,1714946399999,8196520.71180120,10544,69.65462000,4441056.56953980,0
2024-05-06 03:59:59.999,1714946400000,63868.41000000,63879.81000000,63736.00000000,63740.00000000,142.35019000,1714948199999,9079670.82617860,12380,64.57686000,4118631.98848270,0
2024-05-06 04:29:59.999,1714948200000,63740.01000000,63891.22000000,63704.32000000,63860.01000000,147.84437000,1714949999999,9430000.05455580,11121,79.58524000,5076360.24012200,0
2024-05-06 04:59:59.999,1714950000000,63860.01000000,64227.51000000,63825.35000000,64188.00000000,429.66836000,1714951799999,27517711.42475900,22970,267.96983000,17163058.49086420,0
2024-05-06 05:29:59.999,1714951800000,64188.00000000,64211.30000000,63969.89000000,64012.00000000,246.67922000,1714953599999,15811480.73066840,14828,101.78618000,6523725.94737790,0
2024-05-06 05:59:59.999,1714953600000,64012.00000000,64346.24000000,64011.01000000,64183.36000000,327.03255000,1714955399999,20980370.88090050,17768,213.31707000,13682988.11949640,0
2024-05-06 06:29:59.999,1714955400000,64183.36000000,64258.30000000,64108.80000000,64218.02000000,233.16586000,1714957199999,14969110.81309020,14300,112.94573000,7251258.36474180,0
2024-05-06 06:59:59.999,1714957200000,64218.02000000,64465.00000000,64218.01000000,64315.00000000,564.83195000,1714958999999,36348981.54754790,21663,299.61528000,19281227.26831500,0
2024-05-06 07:29:59.999,1714959000000,64315.01000000,64315.01000000,64058.82000000,64147.22000000,289.98687000,1714960799999,18606934.08590190,17720,116.05383000,7445038.12729140,0
2024-05-06 07:59:59.999,1714960800000,64147.22000000,64227.51000000,63996.77000000,64163.30000000,746.74368000,1714962599999,47867563.26638740,20660,411.41388000,26372368.30258580,0
2024-05-06 08:29:59.999,1714962600000,64163.30000000,64163.31000000,63826.08000000,63826.09000000,353.13912000,1714964399999,22610906.00641710,16621,148.45871000,9509142.89081700,0
2024-05-06 08:59:59.999,1714964400000,63826.08000000,63935.31000000,63708.58000000,63867.26000000,357.37612000,1714966199999,22810008.84062780,18135,158.39263000,10110964.04194100,0
2024-05-06 09:29:59.999,1714966200000,63867.26000000,63926.00000000,63796.54000000,63866.59000000,290.02746000,1714967999999,18523439.23846980,13688,155.54003000,9933783.05838860,0
2024-05-06 09:59:59.999,1714968000000,63866.59000000,64015.79000000,63768.72000000,63914.16000000,434.92379000,1714969799999,27790628.00830290,18132,254.84818000,16284337.83680790,0
2024-05-06 10:29:59.999,1714969800000,63914.16000000,64185.58000000,63858.51000000,64166.00000000,568.57262000,1714971599999,36420482.69224270,24617,356.04859000,22808357.61986310,0
2024-05-06 10:59:59.999,1714971600000,64166.01000000,64331.58000000,64036.00000000,64286.01000000,408.66454000,1714973399999,26226810.45077770,18484,223.45502000,14341176.54507540,0
2024-05-06 11:29:59.999,1714973400000,64286.00000000,64286.01000000,64128.00000000,64186.93000000,402.59331000,1714975199999,25841140.34833480,18170,200.09455000,12843318.41274360,0
2024-05-06 11:59:59.999,1714975200000,64186.93000000,64473.78000000,64137.92000000,64351.12000000,623.13453000,1714976999999,40090089.91799190,24831,327.79048000,21087425.51174770,0
2024-05-06 12:29:59.999,1714977000000,64351.13000000,64369.67000000,64198.21000000,64230.02000000,322.65238000,1714978799999,20739691.44136860,16880,136.51872000,8775635.18175870,0
2024-05-06 12:59:59.999,1714978800000,64230.02000000,64350.65000000,64150.00000000,64350.00000000,493.19080000,1714980599999,31690967.54545600,22606,247.89064000,15928329.13471910,0
2024-05-06 13:29:59.999,1714980600000,64349.99000000,64588.00000000,64289.41000000,64540.75000000,875.53478000,1714982399999,56400615.64054940,30027,480.29031000,30939781.67027160,0
2024-05-06 13:59:59.999,1714982400000,64540.75000000,65500.00000000,64462.48000000,65390.93000000,2193.67956000,1714984199999,142604169.70080310,80285,1311.15564000,85237792.75402710,0
2024-05-06 14:29:59.999,1714984200000,65390.94000000,65500.00000000,65064.16000000,65143.04000000,1564.75811000,1714985999999,102251158.82565670,52438,769.28093000,50274735.83643220,0
2024-05-06 14:59:59.999,1714986000000,65143.04000000,65360.12000000,65143.03000000,65231.99000000,663.21008000,1714987799999,43275820.00832490,25271,329.95808000,21529905.53893770,0
2024-05-06 15:29:59.999,1714987800000,65232.00000000,65261.06000000,65111.10000000,65166.20000000,401.97544000,1714989599999,26199219.79713550,19161,192.87867000,12570628.21206870,0
2024-05-06 15:59:59.999,1714989600000,65166.20000000,65275.00000000,64767.40000000,64822.23000000,685.61238000,1714991399999,44582794.81678410,32365,278.23374000,18093406.69454950,0
2024-05-06 16:29:59.999,1714991400000,64822.23000000,64849.00000000,63815.38000000,64007.17000000,2555.65275000,1714993199999,164205892.89374530,80970,1106.88002000,71113864.83831520,0
2024-05-06 16:59:59.999,1714993200000,64007.16000000,64359.39000000,64003.49000000,64213.50000000,827.30887000,1714994999999,53128262.62926710,34148,447.14148000,28714502.33063840,0
2024-05-06 17:29:59.999,1714995000000,64213.50000000,64300.00000000,64006.00000000,64203.56000000,461.81133000,1714996799999,29620900.66823090,23446,226.59030000,14535363.97016270,0
2024-05-06 17:59:59.999,1714996800000,64203.55000000,64319.86000000,63750.04000000,63821.01000000,831.34612000,1714998599999,53238045.08619110,33918,346.00147000,22161452.35391740,0
2024-05-06 18:29:59.999,1714998600000,63821.02000000,64100.00000000,63343.86000000,63593.99000000,2407.68673000,1715000399999,153307418.76006620,84028,1216.27162000,77438785.87906600,0
2024-05-06 18:59:59.999,1715000400000,63593.99000000,63680.49000000,63450.00000000,63560.01000000,904.24455000,1715002199999,57496728.14196930,34318,460.89166000,29306501.78705450,0
2024-05-06 19:29:59.999,1715002200000,63560.00000000,63998.47000000,63509.15000000,63870.00000000,1021.03708000,1715003999999,65133745.14970790,37492,533.51954000,34031188.74667850,0
2024-05-06 19:59:59.999,1715004000000,63870.01000000,64261.08000000,63860.00000000,63967.19000000,1320.85239000,1715005799999,84629597.18676640,49156,686.08335000,43951917.37202660,0
2024-05-06 20:29:59.999,1715005800000,63967.20000000,64000.00000000,63211.66000000,63271.97000000,1225.74910000,1715007599999,77925781.19209500,47412,388.65028000,24718154.97683520,0
2024-05-06 20:59:59.999,1715007600000,63271.97000000,63401.89000000,62909.61000000,63401.88000000,2321.01768000,1715009399999,146510573.97199530,63735,1102.50969000,69589176.08603190,0
2024-05-06 21:29:59.999,1715009400000,63401.88000000,63760.00000000,63334.80000000,63632.01000000,750.44056000,1715011199999,47679980.54240620,29809,421.72037000,26793059.05409370,0
2024-05-06 21:59:59.999,1715011200000,63632.01000000,63747.59000000,63394.51000000,63564.01000000,506.74827000,1715012999999,32218925.07094750,26503,258.48704000,16436578.50640490,0
2024-05-06 22:29:59.999,1715013000000,63564.00000000,63599.99000000,63079.60000000,63192.43000000,804.07574000,1715014799999,50953038.68686550,30004,382.59957000,24245071.24749280,0
2024-05-06 22:59:59.999,1715014800000,63192.42000000,63511.84000000,63176.00000000,63315.02000000,376.27236000,1715016599999,23848337.52870380,23197,222.07064000,14074705.26278260,0
2024-05-06 23:29:59.999,1715016600000,63315.02000000,63358.88000000,62968.57000000,63169.93000000,950.61731000,1715018399999,59962544.60052130,33557,400.97102000,25295495.47337660,0
2024-05-06 23:59:59.999,1715018400000,63169.92000000,63316.44000000,63108.67000000,63200.09000000,305.55267000,1715020199999,19309854.13996740,20320,157.77446000,9971282.74040680,0
2024-05-07 00:29:59.999,1715020200000,63200.10000000,63532.05000000,62965.40000000,63400.00000000,661.88999000,1715021999999,41900238.42152500,29450,340.77460000,21577194.16140870,0
2024-05-07 00:59:59.999,1715022000000,63400.00000000,63404.80000000,62700.00000000,63010.85000000,915.30460000,1715023799999,57645484.20101590,38608,437.87714000,27580880.60417210,0
2024-05-07 01:29:59.999,1715023800000,63010.85000000,63242.46000000,62835.00000000,63220.00000000,519.49872000,1715025599999,32751804.98778380,28653,277.72078000,17510774.88607310,0
2024-05-07 01:59:59.999,1715025600000,63220.00000000,63389.00000000,63051.94000000,63363.35000000,424.77180000,1715027399999,26856842.32981750,20483,226.78363000,14339369.86132300,0
2024-05-07 02:29:59.999,1715027400000,63363.35000000,63405.61000000,63300.50000000,63308.28000000,206.91077000,1715029199999,13106598.87668490,13637,88.56290000,5609865.40417580,0
2024-05-07 02:59:59.999,1715029200000,63308.28000000,63611.85000000,63308.27000000,63545.58000000,306.99494000,1715030999999,19485656.89304310,17346,188.32414000,11952240.02834430,0
2024-05-07 03:29:59.999,1715031000000,63545.58000000,63601.22000000,63397.27000000,63550.29000000,194.15105000,1715032799999,12327990.53770770,12753,93.87325000,5961457.26014030,0
2024-05-07 03:59:59.999,1715032800000,63550.29000000,63570.00000000,63406.13000000,63563.48000000,205.96982000,1715034599999,13078760.48196400,12805,100.52506000,6383268.87089980,0
2024-05-07 04:29:59.999,1715034600000,63563.48000000,63563.48000000,63434.00000000,63495.67000000,180.93169000,1715036399999,11486000.66558620,12342,98.21796000,6234798.69989570,0
2024-05-07 04:59:59.999,1715036400000,63495.67000000,63495.67000000,63243.26000000,63356.00000000,372.37546000,1715038199999,23584220.00059620,16628,124.74220000,7901832.71629770,0
2024-05-07 05:29:59.999,1715038200000,63355.99000000,63358.00000000,63134.85000000,63165.19000000,314.90121000,1715039999999,19907070.94789110,14017,119.81543000,7573090.03992810,0
2024-05-07 05:59:59.999,1715040000000,63165.18000000,63308.90000000,62960.00000000,63267.04000000,436.89615000,1715041799999,27588397.34708550,23002,205.65529000,12985823.85163760,0
2024-05-07 06:29:59.999,1715041800000,63267.03000000,63667.00000000,63251.31000000,63545.45000000,491.57869000,1715043599999,31218610.57677060,25357,269.94236000,17140538.60729250,0
2024-05-07 06:59:59.999,1715043600000,63545.44000000,63856.36000000,63480.00000000,63578.30000000,494.35248000,1715045399999,31474578.17201160,22606,259.29021000,16510344.18616060,0
2024-05-07 07:29:59.999,1715045400000,63578.30000000,63967.19000000,63554.85000000,63895.72000000,590.82377000,1715047199999,37714231.77359060,24222,328.38098000,20961081.36205360,0
2024-05-07 07:59:59.999,1715047200000,63895.72000000,63953.34000000,63700.00000000,63825.08000000,272.93200000,1715048999999,17415955.61468440,14675,92.85059000,5923842.34465680,0
2024-05-07 08:29:59.999,1715049000000,63825.09000000,63840.00000000,63620.03000000,63702.76000000,242.64831000,1715050799999,15453312.15946390,12839,91.38471000,5820151.41502650,0
2024-05-07 08:59:59.999,1715050800000,63702.76000000,63733.16000000,62897.21000000,62962.20000000,789.70395000,1715052599999,50018892.07854320,34626,299.70832000,18979665.66572340,0
2024-05-07 09:29:59.999,1715052600000,62962.21000000,63326.72000000,62832.60000000,63239.49000000,686.92010000,1715054399999,43357299.82481520,29754,311.72701000,19675071.33803090,0
2024-05-07 09:59:59.999,1715054400000,63239.50000000,63421.63000000,63092.76000000,63382.01000000,389.20613000,1715056199999,24626982.15105620,19403,198.19486000,12544368.48035680,0
2024-05-07 10:29:59.999,1715056200000,63382.01000000,63470.58000000,63298.85000000,63466.26000000,271.66403000,1715057999999,17222384.95070890,15182,156.30104000,9909314.78354070,0
2024-05-07 10:59:59.999,1715058000000,63466.27000000,63500.00000000,63336.65000000,63360.01000000,348.51765000,1715059799999,22100285.03908790,16141,160.42335000,10173185.90004600,0
2024-05-07 11:29:59.999,1715059800000,63360.00000000,63725.00000000,63243.92000000,63563.48000000,515.46957000,1715061599999,32733661.40339810,23980,276.59645000,17565654.35001650,0
2024-05-07 11:59:59.999,1715061600000,63563.47000000,63719.20000000,63394.28000000,63507.99000000,337.40914000,1715063399999,21441978.17374220,17853,136.02311000,8644763.85883790,0
2024-05-07 12:29:59.999,1715063400000,63508.00000000,63696.20000000,63410.04000000,63623.81000000,333.23482000,1715065199999,21188164.54446960,15734,167.97533000,10678672.68506450,0
2024-05-07 12:59:59.999,1715065200000,63623.81000000,63853.12000000,63549.99000000,63821.98000000,328.58845000,1715066999999,20930533.44302440,17525,171.62830000,10935387.99497550,0
2024-05-07 13:29:59.999,1715067000000,63821.98000000,63821.99000000,63642.22000000,63669.69000000,347.38299000,1715068799999,22138600.18730110,16994,109.91437000,7004965.50664260,0
2024-05-07 13:59:59.999,1715068800000,63669.69000000,64333.00000000,63596.13000000,64252.13000000,1025.74034000,1715070599999,65660267.38862320,39494,652.07380000,41742366.67390330,0
2024-05-07 14:29:59.999,1715070600000,64252.13000000,64422.41000000,64102.19000000,64232.00000000,788.19011000,1715072399999,50643122.71863710,31372,360.81993000,23184887.83003120,0
2024-05-07 14:59:59.999,1715072400000,64231.99000000,64362.70000000,64200.80000000,64297.33000000,443.23526000,1715074199999,28491132.66465610,21953,220.72755000,14187397.76846950,0
2024-05-07 15:29:59.999,1715074200000,64297.33000000,64298.00000000,64064.34000000,64119.98000000,433.10294000,1715075999999,27801678.95774020,21042,151.14677000,9702147.15008280,0
2024-05-07 15:59:59.999,1715076000000,64119.98000000,64171.83000000,63746.69000000,63824.00000000,775.06682000,1715077799999,49555494.54357740,31275,336.86461000,21535439.32505900,0
2024-05-07 16:29:59.999,1715077800000,63824.00000000,64150.01000000,63823.99000000,64086.37000000,332.28844000,1715079599999,21271102.66483270,17912,172.19382000,11021731.45563410,0
2024-05-07 16:59:59.999,1715079600000,64086.37000000,64124.05000000,63927.27000000,64032.00000000,328.62526000,1715081399999,21046556.95407290,18477,147.67303000,9457917.42579210,0
2024-05-07 17:29:59.999,1715081400000,64032.01000000,64038.00000000,63358.00000000,63490.43000000,875.00862000,1715083199999,55646702.43555380,41885,393.99622000,25046346.68234880,0
2024-05-07 17:59:59.999,1715083200000,63490.43000000,63691.16000000,63473.73000000,63550.80000000,444.14094000,1715084999999,28234261.84519820,26704,231.77681000,14733702.52096160,0
2024-05-07 18:29:59.999,1715085000000,63550.80000000,63772.45000000,63500.00000000,63663.02000000,364.37772000,1715086799999,23179713.20824290,24331,174.71980000,11114466.88550720,0
2024-05-07 18:59:59.999,1715086800000,63663.03000000,63712.86000000,63450.00000000,63528.01000000,399.80616000,1715088599999,25426924.55427880,22978,189.51600000,12054199.02435330,0
2024-05-07 19:29:59.999,1715088600000,63528.00000000,63680.00000000,63112.57000000,63213.16000000,714.80670000,1715090399999,45280204.57089690,42314,338.00835000,21406655.69903330,0
2024-05-07 19:59:59.999,1715090400000,63213.17000000,63466.00000000,63126.57000000,63278.01000000,529.22996000,1715092199999,33512186.90466710,30964,249.36145000,15789014.49636440,0
2024-05-07 20:29:59.999,1715092200000,63278.00000000,64088.53000000,63050.77000000,64024.47000000,944.07211000,1715093999999,60027657.72894910,48478,561.43253000,35716747.37847820,0
2024-05-07 20:59:59.999,1715094000000,64024.47000000,64320.00000000,63733.44000000,63892.77000000,1418.71598000,1715095799999,90886704.44144240,54855,738.26172000,47312329.46137430,0
2024-05-07 21:29:59.999,1715095800000,63892.78000000,63915.37000000,63584.28000000,63740.48000000,605.71602000,1715097599999,38616661.08077010,28361,310.69930000,19807960.12691550,0
2024-05-07 21:59:59.999,1715097600000,63740.48000000,63895.46000000,63657.50000000,63657.51000000,345.18198000,1715099399999,22014944.87768870,22665,184.18212000,11747295.54792320,0
2024-05-07 22:29:59.999,1715099400000,63657.52000000,63667.19000000,63455.56000000,63634.00000000,489.61008000,1715101199999,31114302.15947010,25567,232.59244000,14780702.85981970,0
2024-05-07 22:59:59.999,1715101200000,63633.99000000,63657.40000000,63352.64000000,63378.24000000,300.27574000,1715102999999,19057720.49279440,23184,139.23173000,8837596.40577120,0
2024-05-07 23:29:59.999,1715103000000,63378.24000000,63517.80000000,63310.84000000,63391.79000000,334.26235000,1715104799999,21195525.40476000,23222,158.85362000,10073031.74345780,0
2024-05-07 23:59:59.999,1715104800000,63391.79000000,63393.52000000,63116.60000000,63128.14000000,429.58798000,1715106599999,27162006.93056140,28117,176.64708000,11168832.92367420,0
2024-05-08 00:29:59.999,1715106600000,63128.14000000,63209.38000000,62789.89000000,63169.99000000,1056.66549000,1715108399999,66569219.16598380,49456,505.23765000,31835526.00610480,0
2024-05-08 00:59:59.999,1715108400000,63169.99000000,63269.20000000,63053.00000000,63118.19000000,387.03309000,1715110199999,24452378.62070210,30572,195.22544000,12334064.47412120,0
2024-05-08 01:29:59.999,1715110200000,63118.20000000,63170.89000000,62961.81000000,63060.01000000,239.68520000,1715111999999,15124278.34372020,21350,110.87621000,6996230.85108830,0
2024-05-08 01:59:59.999,1715112000000,63060.00000000,63197.58000000,62992.00000000,63025.41000000,207.12782000,1715113799999,13071205.77707590,16301,104.31105000,6582786.84259240,0
2024-05-08 02:29:59.999,1715113800000,63025.41000000,63134.63000000,62888.68000000,62974.94000000,347.43719000,1715115599999,21888336.94299000,19583,160.76855000,10129268.28569880,0
2024-05-08 02:59:59.999,1715115600000,62974.94000000,63162.28000000,62961.19000000,63128.91000000,171.32602000,1715117399999,10804257.85475040,13777,108.17234000,6820997.65176000,0
2024-05-08 03:29:59.999,1715117400000,63128.90000000,63128.91000000,62835.00000000,63074.01000000,406.57033000,1715119199999,25600066.91229900,23408,236.48408000,14892186.46266870,0
2024-05-08 03:59:59.999,1715119200000,63074.01000000,63094.79000000,62738.80000000,63010.01000000,830.19182000,1715120999999,52229790.12997990,35797,483.32923000,30411966.47807300,0
2024-05-08 04:29:59.999,1715121000000,63010.00000000,63123.60000000,62840.00000000,62850.92000000,669.63991000,1715122799999,42191169.18236630,27728,383.50837000,24164723.07270870,0
2024-05-08 04:59:59.999,1715122800000,62850.92000000,62880.00000000,62261.00000000,62340.01000000,1739.53856000,1715124599999,108610018.14750680,59989,689.93513000,43065065.45741830,0
2024-05-08 05:29:59.999,1715124600000,62340.01000000,62516.12000000,62264.55000000,62312.08000000,345.20955000,1715126399999,21542170.54783570,19894,167.75980000,10469576.91685120,0
2024-05-08 05:59:59.999,1715126400000,62312.07000000,62581.47000000,62281.09000000,62444.12000000,511.62890000,1715128199999,31945306.45392800,23276,242.75121000,15156961.69827460,0
2024-05-08 06:29:59.999,1715128200000,62444.13000000,62729.77000000,62111.00000000,62586.01000000,778.84692000,1715129999999,48665954.13936460,36224,404.49888000,25290709.42580390,0
2024-05-08 06:59:59.999,1715130000000,62586.01000000,62718.38000000,62490.00000000,62550.01000000,333.90379000,1715131799999,20901737.48395890,18294,198.79775000,12444480.00427180,0
2024-05-08 07:29:59.999,1715131800000,62550.01000000,62661.02000000,62430.00000000,62530.31000000,457.83801000,1715133599999,28641606.50596850,19862,274.39146000,17164000.19152260,0
2024-05-08 07:59:59.999,1715133600000,62530.31000000,62819.99000000,62530.30000000,62740.61000000,346.47772000,1715135399999,21727404.82569700,19422,203.94033000,12790157.62187710,0
2024-05-08 08:29:59.999,1715135400000,62740.61000000,62849.03000000,62713.49000000,62756.01000000,262.40298000,1715137199999,16473125.31117140,13508,147.37401000,9251666.52790240,0
2024-05-08 08:59:59.999,1715137200000,62756.00000000,62822.76000000,62588.00000000,62712.00000000,240.71586000,1715138999999,15098429.75763910,13511,106.58144000,6684000.85280250,0
2024-05-08 09:29:59.999,1715139000000,62712.00000000,62973.18000000,62701.58000000,62893.99000000,406.00874000,1715140799999,25518787.76877460,17926,229.71471000,14437761.94152250,0
2024-05-08 09:59:59.999,1715140800000,62894.00000000,63020.22000000,62796.54000000,62796.55000000,411.08092000,1715142599999,25859983.76291230,17190,173.99904000,10946936.17666570,0
2024-05-08 10:29:59.999,1715142600000,62796.54000000,62796.55000000,62358.09000000,62520.15000000,538.96675000,1715144399999,33728829.51204830,26323,211.93719000,13263296.95863830,0
2024-05-08 10:59:59.999,1715144400000,62520.15000000,62665.96000000,62361.51000000,62642.01000000,320.68315000,1715146199999,20047600.40188460,18192,193.28193000,12085468.95573450,0
2024-05-08 11:29:59.999,1715146200000,62642.01000000,62760.00000000,62571.23000000,62617.71000000,244.05503000,1715147999999,15291486.57124730,14273,128.88213000,8075386.43263530,0
2024-05-08 11:59:59.999,1715148000000,62617.71000000,62709.63000000,62135.48000000,62185.99000000,754.13391000,1715149799999,47056622.44600880,28217,268.88951000,16783425.05009260,0
2024-05-08 12:29:59.999,1715149800000,62186.00000000,62548.00000000,62146.31000000,62505.98000000,545.83549000,1715151599999,34069085.35333540,22919,296.16607000,18486944.43021790,0
2024-05-08 12:59:59.999,1715151600000,62505.99000000,62603.64000000,62180.00000000,62190.00000000,428.22083000,1715153399999,26709531.33419370,20538,173.45159000,10817041.94883540,0
2024-05-08 13:29:59.999,1715153400000,62190.00000000,62359.99000000,62020.09000000,62208.00000000,616.92240000,1715155199999,38369557.78270930,25481,252.14311000,15688098.51299570,0
2024-05-08 13:59:59.999,1715155200000,62208.00000000,62391.35000000,62042.00000000,62289.61000000,531.00931000,1715156999999,33038971.44374460,26792,270.06149000,16800864.36588200,0
2024-05-08 14:29:59.999,1715157000000,62289.62000000,62427.97000000,62087.00000000,62375.99000000,501.40803000,1715158799999,31214316.90981710,24756,260.13357000,16196838.38004810,0
2024-05-08 14:59:59.999,1715158800000,62375.99000000,62428.00000000,62101.54000000,62207.99000000,406.28775000,1715160599999,25295172.02254360,21391,211.35157000,13160226.42290570,0
2024-05-08 15:29:59.999,1715160600000,62208.00000000,62335.76000000,62082.30000000,62302.01000000,594.71025000,1715162399999,36986265.80071760,27672,363.70132000,22619920.81704850,0
2024-05-08 15:59:59.999,1715162400000,62302.00000000,62514.75000000,62264.19000000,62484.01000000,490.73105000,1715164199999,30614344.82278660,23110,241.78862000,15083979.99648550,0
2024-05-08 16:29:59.999,1715164200000,62484.00000000,62519.70000000,62377.36000000,62450.05000000,318.94709000,1715165999999,19914729.39216630,14830,164.36810000,10263340.09328840,0
2024-05-08 16:59:59.999,1715166000000,62450.06000000,62507.00000000,62131.41000000,62172.00000000,407.30256000,1715167799999,25367701.69288630,22149,151.32916000,9427191.30138680,0
2024-05-08 17:29:59.999,1715167800000,62172.00000000,62425.69000000,62140.22000000,62243.40000000,263.06116000,1715169599999,16389133.67119730,18194,119.21139000,7427101.77914510,0
2024-05-08 17:59:59.999,1715169600000,62243.40000000,62450.14000000,62226.00000000,62343.99000000,323.79794000,1715171399999,20191134.46281250,18242,161.98085000,10101086.57552460,0
2024-05-08 18:29:59.999,1715171400000,62343.99000000,62386.67000000,62093.75000000,62238.29000000,406.49804000,1715173199999,25279728.23939070,23552,201.01106000,12500378.40170900,0
2024-05-08 18:59:59.999,1715173200000,62238.29000000,62265.36000000,61869.84000000,62022.35000000,864.03046000,1715174999999,53585429.92799650,42733,398.31910000,24703818.85283350,0
2024-05-08 19:29:59.999,1715175000000,62022.36000000,62461.28000000,61761.00000000,62447.61000000,1183.05432000,1715176799999,73389038.31624410,52875,632.08267000,39222999.23237410,0
2024-05-08 19:59:59.999,1715176800000,62447.60000000,62670.00000000,62160.72000000,62510.76000000,836.00013000,1715178599999,52166848.10734400,42656,453.96856000,28331754.07633800,0
2024-05-08 20:29:59.999,1715178600000,62510.76000000,62828.00000000,62410.00000000,62560.01000000,867.94550000,1715180399999,54358306.46349750,46673,392.74713000,24598454.89710790,0
2024-05-08 20:59:59.999,1715180400000,62560.00000000,62604.35000000,61886.86000000,62119.12000000,996.70041000,1715182199999,61960501.14859790,57770,470.50625000,29244797.07020840,0
2024-05-08 21:29:59.999,1715182200000,62119.11000000,62519.99000000,62022.04000000,62273.08000000,680.22031000,1715183999999,42374567.55187750,43784,376.16761000,23437652.86341410,0
2024-05-08 21:59:59.999,1715184000000,62273.07000000,62330.10000000,62000.00000000,62282.04000000,465.85178000,1715185799999,28978899.15710500,36662,232.72677000,14476509.55254150,0
2024-05-08 22:29:59.999,1715185800000,62282.05000000,62444.45000000,62180.90000000,62444.45000000,334.66758000,1715187599999,20857866.00462450,29409,168.05027000,10473983.53961330,0
2024-05-08 22:59:59.999,1715187600000,62444.45000000,62622.00000000,62368.06000000,62531.91000000,422.40704000,1715189399999,26412620.26140120,33059,207.71504000,12988294.65325070,0
2024-05-08 23:29:59.999,1715189400000,62531.90000000,62685.70000000,62425.15000000,62594.18000000,299.23002000,1715191199999,18713635.88237540,26816,148.53576000,9290234.41954360,0
2024-05-08 23:59:59.999,1715191200000,62594.19000000,62760.00000000,62551.00000000,62703.40000000,319.59087000,1715192999999,20027867.05275300,26847,142.75865000,8944898.82281350,0
2024-05-09 00:29:59.999,1715193000000,62703.41000000,62740.00000000,62450.00000000,62515.46000000,285.95900000,1715194799999,17891613.33748240,24305,146.72338000,9179992.44733330,0
2024-05-09 00:59:59.999,1715194800000,62515.46000000,62548.71000000,61949.42000000,62059.57000000,692.74571000,1715196599999,43102935.55587790,45334,288.28781000,17944193.96319810,0
2024-05-09 01:29:59.999,1715196600000,62059.57000000,62418.19000000,62036.94000000,62179.45000000,480.68849000,1715198399999,29922346.88703880,37239,270.89876000,16860238.64899810,0
2024-05-09 01:59:59.999,1715198400000,62179.45000000,62248.84000000,61561.00000000,61747.60000000,1096.37486000,1715200199999,67796153.17148500,61676,498.61752000,30834413.64139340,0
2024-05-09 02:29:59.999,1715200200000,61747.60000000,61755.59000000,61429.62000000,61570.01000000,800.06984000,1715201999999,49270180.12384430,47002,353.70285000,21785892.18165640,0
2024-05-09 02:59:59.999,1715202000000,61570.00000000,61763.37000000,61382.00000000,61650.01000000,650.91860000,1715203799999,40047697.04519760,37422,321.51673000,19784538.29155740,0
2024-05-09 03:29:59.999,1715203800000,61650.00000000,61757.93000000,61407.87000000,61485.94000000,287.53094000,1715205599999,17703800.48895110,22767,139.76532000,8605317.19381370,0
2024-05-09 03:59:59.999,1715205600000,61485.95000000,61568.85000000,61103.26000000,61378.01000000,1039.19713000,1715207399999,63690861.48621540,46563,418.53841000,25654449.88713020,0
2024-05-09 04:29:59.999,1715207400000,61378.00000000,61439.87000000,61165.30000000,61251.01000000,461.29964000,1715209199999,28278506.81476970,22325,198.00898000,12141026.40722030,0
2024-05-09 04:59:59.999,1715209200000,61251.02000000,61256.97000000,60888.00000000,60996.73000000,1045.00296000,1715210999999,63792364.22535700,45565,464.64171000,28363388.79761750,0
2024-05-09 05:29:59.999,1715211000000,60996.73000000,61280.46000000,60956.07000000,61193.03000000,570.22987000,1715212799999,34842454.24657860,29826,293.56502000,17935301.24490790,0
2024-05-09 05:59:59.999,1715212800000,61193.03000000,61388.00000000,61144.33000000,61377.11000000,398.11722000,1715214599999,24386906.15207040,25151,197.52953000,12100406.10257380,0
2024-05-09 06:29:59.999,1715214600000,61377.11000000,61468.14000000,61324.61000000,61400.00000000,271.74828000,1715216399999,16686606.50924240,23307,110.12092000,6762298.26388620,0
2024-05-09 06:59:59.999,1715216400000,61400.01000000,61540.59000000,61380.54000000,61510.43000000,394.69627000,1715218199999,24269278.70859420,22815,218.98442000,13465046.50537240,0
2024-05-09 07:29:59.999,1715218200000,61510.44000000,61567.41000000,61422.74000000,61551.00000000,212.70141000,1715219999999,13077607.56107730,14260,104.77199000,6441955.32219070,0
2024-05-09 07:59:59.999,1715220000000,61550.99000000,61599.00000000,61490.34000000,61599.00000000,206.67772000,1715221799999,12719758.60734050,12812,88.68291000,5457973.10624070,0
2024-05-09 08:29:59.999,1715221800000,61598.99000000,61694.91000000,61500.00000000,61664.64000000,449.38556000,1715223599999,27692312.23731680,21405,189.42026000,11671773.64438870,0
2024-05-09 08:59:59.999,1715223600000,61664.64000000,61806.98000000,61423.24000000,61523.89000000,407.36094000,1715225399999,25093836.21585580,22959,187.09250000,11529139.13165250,0
2024-05-09 09:29:59.999,1715225400000,61523.89000000,61749.99000000,61523.89000000,61680.40000000,380.92989000,1715227199999,23488753.52305370,18035,227.83589000,14048608.31263280,0
2024-05-09 09:59:59.999,1715227200000,61680.40000000,61760.60000000,61519.13000000,61545.13000000,294.49528000,1715228999999,18161568.46361190,19735,127.34101000,7855027.40999100,0
2024-05-09 10:29:59.999,1715229000000,61545.13000000,61600.60000000,61420.00000000,61572.92000000,480.76640000,1715230799999,29581472.53696600,17147,249.15583000,15333758.24259890,0
